"","orig.ident","nCount_RNA","nFeature_RNA","Cell","Batch","Group","ExpLibSize","RNA_snn_res.0.8","seurat_clusters"
"Cell1","SeuratProject",54103,7841,"Cell1","Batch1","Group2",54730.2601657789,"1","1"
"Cell2","SeuratProject",59652,8298,"Cell2","Batch1","Group1",60156.0861759808,"0","0"
"Cell3","SeuratProject",63885,8478,"Cell3","Batch1","Group3",63941.3644615961,"2","2"
"Cell4","SeuratProject",52596,7731,"Cell4","Batch1","Group3",52485.7144630266,"2","2"
"Cell5","SeuratProject",51741,7691,"Cell5","Batch1","Group1",52115.6080977101,"0","0"
"Cell6","SeuratProject",49070,7591,"Cell6","Batch1","Group3",48823.9885198831,"2","2"
"Cell7","SeuratProject",48670,7438,"Cell7","Batch1","Group1",48044.469905957,"0","0"
"Cell8","SeuratProject",42876,7012,"Cell8","Batch1","Group4",43320.2584526994,"3","3"
"Cell9","SeuratProject",92241,9857,"Cell9","Batch1","Group3",91983.0823479236,"2","2"
"Cell10","SeuratProject",52069,7686,"Cell10","Batch1","Group2",51866.7299657593,"1","1"
"Cell11","SeuratProject",72559,8920,"Cell11","Batch1","Group2",71657.5528402103,"1","1"
"Cell12","SeuratProject",47877,7409,"Cell12","Batch1","Group1",47571.3327938584,"0","0"
"Cell13","SeuratProject",48911,7506,"Cell13","Batch1","Group2",48623.3975877642,"1","1"
"Cell14","SeuratProject",60161,8281,"Cell14","Batch1","Group2",59125.4521589774,"1","1"
"Cell15","SeuratProject",78821,9229,"Cell15","Batch1","Group1",78869.2131523996,"0","0"
"Cell16","SeuratProject",67393,8656,"Cell16","Batch1","Group4",67821.7628480603,"3","3"
"Cell17","SeuratProject",52112,7700,"Cell17","Batch1","Group1",52100.8373055411,"0","0"
"Cell18","SeuratProject",63993,8582,"Cell18","Batch1","Group1",64181.6107706383,"0","0"
"Cell19","SeuratProject",42175,6990,"Cell19","Batch1","Group1",42950.906249105,"0","0"
"Cell20","SeuratProject",75685,9220,"Cell20","Batch1","Group2",76502.7536465843,"1","1"
"Cell21","SeuratProject",73635,9089,"Cell21","Batch1","Group1",73852.3083626827,"0","0"
"Cell22","SeuratProject",61138,8273,"Cell22","Batch1","Group1",60723.4383559924,"0","0"
"Cell23","SeuratProject",63666,8525,"Cell23","Batch1","Group2",64102.227855418,"1","1"
"Cell24","SeuratProject",54500,8010,"Cell24","Batch1","Group1",54644.8709254107,"0","0"
"Cell25","SeuratProject",64351,8524,"Cell25","Batch1","Group3",64375.1262899132,"2","2"
"Cell26","SeuratProject",65489,8597,"Cell26","Batch1","Group4",65262.8316172232,"3","3"
"Cell27","SeuratProject",31055,5868,"Cell27","Batch1","Group1",31058.0605175676,"0","0"
"Cell28","SeuratProject",60293,8356,"Cell28","Batch1","Group2",60834.8622855872,"1","1"
"Cell29","SeuratProject",63510,8461,"Cell29","Batch1","Group2",63365.6899423922,"1","1"
"Cell30","SeuratProject",47366,7412,"Cell30","Batch1","Group3",47686.3218693271,"2","2"
"Cell31","SeuratProject",67569,8803,"Cell31","Batch1","Group1",66947.6976293693,"0","0"
"Cell32","SeuratProject",79963,9486,"Cell32","Batch1","Group2",80094.0414624296,"1","1"
"Cell33","SeuratProject",72085,8874,"Cell33","Batch1","Group4",71969.2377110471,"3","3"
"Cell34","SeuratProject",36192,6356,"Cell34","Batch1","Group1",36617.3345752179,"0","0"
"Cell35","SeuratProject",77723,9322,"Cell35","Batch1","Group1",78550.6031689718,"0","0"
"Cell36","SeuratProject",51648,7652,"Cell36","Batch1","Group1",51708.3423055689,"0","0"
"Cell37","SeuratProject",64181,8523,"Cell37","Batch1","Group4",64664.2117946047,"3","3"
"Cell38","SeuratProject",72084,8927,"Cell38","Batch1","Group4",72081.0214626358,"3","3"
"Cell39","SeuratProject",46457,7340,"Cell39","Batch1","Group1",46729.0872431832,"0","0"
"Cell40","SeuratProject",84877,9581,"Cell40","Batch1","Group3",84737.2733047821,"2","2"
"Cell41","SeuratProject",66354,8705,"Cell41","Batch1","Group4",65766.4833588656,"3","3"
"Cell42","SeuratProject",63222,8451,"Cell42","Batch1","Group1",63208.1730984334,"0","0"
"Cell43","SeuratProject",51808,7805,"Cell43","Batch1","Group2",52370.9456752887,"1","1"
"Cell44","SeuratProject",66304,8721,"Cell44","Batch1","Group3",66788.6114028972,"2","2"
"Cell45","SeuratProject",64294,8499,"Cell45","Batch1","Group1",63517.8024770834,"0","0"
"Cell46","SeuratProject",47892,7420,"Cell46","Batch1","Group1",47678.581080311,"0","0"
"Cell47","SeuratProject",77416,9257,"Cell47","Batch1","Group2",77500.9319702422,"1","1"
"Cell48","SeuratProject",38321,6625,"Cell48","Batch1","Group1",38331.6517360229,"0","0"
"Cell49","SeuratProject",77583,9164,"Cell49","Batch1","Group4",77409.1675002879,"3","3"
"Cell50","SeuratProject",45121,7216,"Cell50","Batch1","Group1",45132.7035610009,"0","0"
"Cell51","SeuratProject",52067,7707,"Cell51","Batch1","Group1",52068.5198019839,"0","0"
"Cell52","SeuratProject",70873,8936,"Cell52","Batch1","Group1",70590.4411244712,"0","0"
"Cell53","SeuratProject",47242,7404,"Cell53","Batch1","Group1",47595.9120269341,"0","0"
"Cell54","SeuratProject",59897,8265,"Cell54","Batch1","Group1",60232.8998431449,"0","0"
"Cell55","SeuratProject",58867,8037,"Cell55","Batch1","Group4",59256.2029724119,"3","3"
"Cell56","SeuratProject",56739,8014,"Cell56","Batch1","Group1",56492.3125812478,"0","0"
"Cell57","SeuratProject",58981,8220,"Cell57","Batch1","Group3",59134.0523873202,"2","2"
"Cell58","SeuratProject",48129,7407,"Cell58","Batch1","Group1",48322.5842686389,"0","0"
"Cell59","SeuratProject",47374,7310,"Cell59","Batch1","Group1",47397.3593716774,"0","0"
"Cell60","SeuratProject",58118,8150,"Cell60","Batch1","Group3",57566.2192381563,"2","2"
"Cell61","SeuratProject",46231,7275,"Cell61","Batch1","Group4",46792.9017363,"3","3"
"Cell62","SeuratProject",84316,9493,"Cell62","Batch1","Group4",83714.3061781467,"3","3"
"Cell63","SeuratProject",61889,8263,"Cell63","Batch1","Group3",61695.3420834163,"2","2"
"Cell64","SeuratProject",74477,9032,"Cell64","Batch1","Group2",74683.1216053484,"1","1"
"Cell65","SeuratProject",58440,8177,"Cell65","Batch1","Group1",57915.9492147651,"0","0"
"Cell66","SeuratProject",42602,7003,"Cell66","Batch1","Group1",43275.699904503,"0","0"
"Cell67","SeuratProject",66669,8645,"Cell67","Batch1","Group1",66757.1949860516,"0","0"
"Cell68","SeuratProject",65435,8542,"Cell68","Batch1","Group1",65277.6284691624,"0","0"
"Cell69","SeuratProject",41853,6871,"Cell69","Batch1","Group4",42294.3344596244,"3","3"
"Cell70","SeuratProject",78336,9244,"Cell70","Batch1","Group1",78117.0387607504,"0","0"
"Cell71","SeuratProject",52126,7653,"Cell71","Batch1","Group3",50759.1661333582,"2","2"
"Cell72","SeuratProject",51828,7683,"Cell72","Batch1","Group2",51556.6081185045,"1","1"
"Cell73","SeuratProject",39429,6674,"Cell73","Batch1","Group3",39077.1200389505,"2","2"
"Cell74","SeuratProject",64708,8553,"Cell74","Batch1","Group3",64378.0376866623,"2","2"
"Cell75","SeuratProject",56762,8139,"Cell75","Batch1","Group1",57096.6965253865,"0","0"
"Cell76","SeuratProject",49636,7583,"Cell76","Batch1","Group2",49885.2930995434,"1","1"
"Cell77","SeuratProject",53741,7872,"Cell77","Batch1","Group2",53676.2259221497,"1","1"
"Cell78","SeuratProject",62151,8378,"Cell78","Batch1","Group4",62049.9921379694,"3","3"
"Cell79","SeuratProject",48635,7539,"Cell79","Batch1","Group3",49099.9052822558,"2","2"
"Cell80","SeuratProject",51106,7593,"Cell80","Batch1","Group3",50398.3661291035,"2","2"
"Cell81","SeuratProject",65263,8597,"Cell81","Batch1","Group2",65587.0654430567,"1","1"
"Cell82","SeuratProject",40017,6768,"Cell82","Batch1","Group3",39662.7946118489,"2","2"
"Cell83","SeuratProject",62690,8463,"Cell83","Batch1","Group1",61870.3645174575,"0","0"
"Cell84","SeuratProject",69576,8972,"Cell84","Batch1","Group3",70100.0829856907,"2","2"
"Cell85","SeuratProject",47631,7537,"Cell85","Batch1","Group2",48109.9603809866,"1","1"
"Cell86","SeuratProject",54426,7913,"Cell86","Batch1","Group1",53765.421692931,"0","0"
"Cell87","SeuratProject",56901,8091,"Cell87","Batch1","Group1",57247.2058228013,"0","0"
"Cell88","SeuratProject",80115,9368,"Cell88","Batch1","Group1",80295.338153945,"0","0"
"Cell89","SeuratProject",43549,7026,"Cell89","Batch1","Group3",43424.9153876724,"2","2"
"Cell90","SeuratProject",53393,7820,"Cell90","Batch1","Group1",53654.2552215963,"0","0"
"Cell91","SeuratProject",48241,7492,"Cell91","Batch1","Group1",47808.6638926395,"0","0"
"Cell92","SeuratProject",64949,8528,"Cell92","Batch1","Group3",64568.7607072817,"2","2"
"Cell93","SeuratProject",55919,8001,"Cell93","Batch1","Group1",55731.750683401,"0","0"
"Cell94","SeuratProject",60985,8275,"Cell94","Batch1","Group2",60180.1891205068,"1","1"
"Cell95","SeuratProject",51001,7616,"Cell95","Batch1","Group2",50649.4769909006,"1","1"
"Cell96","SeuratProject",64295,8478,"Cell96","Batch1","Group1",64142.7265691328,"0","0"
"Cell97","SeuratProject",77742,9337,"Cell97","Batch1","Group2",77076.5014386422,"1","1"
"Cell98","SeuratProject",63963,8472,"Cell98","Batch1","Group2",63936.7605829911,"1","1"
"Cell99","SeuratProject",59904,8276,"Cell99","Batch1","Group1",59415.2911870211,"0","0"
"Cell100","SeuratProject",66643,8687,"Cell100","Batch1","Group1",66874.356794335,"0","0"
"Cell101","SeuratProject",70797,8965,"Cell101","Batch1","Group3",71513.3522719151,"2","2"
"Cell102","SeuratProject",64162,8523,"Cell102","Batch1","Group1",63483.9212442083,"0","0"
"Cell103","SeuratProject",64265,8475,"Cell103","Batch1","Group1",63790.983121928,"0","0"
"Cell104","SeuratProject",40423,6890,"Cell104","Batch1","Group2",39940.6306479949,"1","1"
"Cell105","SeuratProject",49403,7387,"Cell105","Batch1","Group3",49858.2822265019,"2","2"
"Cell106","SeuratProject",56765,8028,"Cell106","Batch1","Group3",55904.0304798643,"2","2"
"Cell107","SeuratProject",52740,7827,"Cell107","Batch1","Group2",52909.5479711683,"1","1"
"Cell108","SeuratProject",88959,9786,"Cell108","Batch1","Group3",88772.7189000881,"2","2"
"Cell109","SeuratProject",77026,9156,"Cell109","Batch1","Group3",77378.8938202255,"2","2"
"Cell110","SeuratProject",76507,9159,"Cell110","Batch1","Group3",76389.4648800883,"2","2"
"Cell111","SeuratProject",45850,7363,"Cell111","Batch1","Group3",46378.6715831237,"2","2"
"Cell112","SeuratProject",89944,9774,"Cell112","Batch1","Group3",90818.7038832098,"2","2"
"Cell113","SeuratProject",52871,7753,"Cell113","Batch1","Group1",52489.4913368679,"0","0"
"Cell114","SeuratProject",57080,7980,"Cell114","Batch1","Group1",55895.2891795726,"0","0"
"Cell115","SeuratProject",70285,8778,"Cell115","Batch1","Group1",69483.6231833184,"0","0"
"Cell116","SeuratProject",46206,7265,"Cell116","Batch1","Group2",45960.3177488017,"1","1"
"Cell117","SeuratProject",64537,8516,"Cell117","Batch1","Group1",64749.1600175864,"0","0"
"Cell118","SeuratProject",58650,8181,"Cell118","Batch1","Group4",58748.6098412329,"3","3"
"Cell119","SeuratProject",74918,9190,"Cell119","Batch1","Group3",75096.6364882982,"2","2"
"Cell120","SeuratProject",65534,8652,"Cell120","Batch1","Group4",65725.8954613519,"3","3"
"Cell121","SeuratProject",69900,8742,"Cell121","Batch1","Group3",68944.3757713681,"2","2"
"Cell122","SeuratProject",45828,7257,"Cell122","Batch1","Group1",45739.144033592,"0","0"
"Cell123","SeuratProject",82268,9520,"Cell123","Batch1","Group2",82556.2440146791,"1","1"
"Cell124","SeuratProject",109498,10498,"Cell124","Batch1","Group1",108619.595724652,"0","0"
"Cell125","SeuratProject",71757,8952,"Cell125","Batch1","Group1",71528.8511434703,"0","0"
"Cell126","SeuratProject",55631,7989,"Cell126","Batch1","Group1",55668.8233015161,"0","0"
"Cell127","SeuratProject",60120,8200,"Cell127","Batch1","Group1",60531.7815714212,"0","0"
"Cell128","SeuratProject",53773,7814,"Cell128","Batch1","Group1",53216.5632341624,"0","0"
"Cell129","SeuratProject",60697,8313,"Cell129","Batch1","Group1",60478.6172209809,"0","0"
"Cell130","SeuratProject",99766,10190,"Cell130","Batch1","Group4",101064.738784581,"3","3"
"Cell131","SeuratProject",67843,8772,"Cell131","Batch1","Group1",67875.4470731216,"0","0"
"Cell132","SeuratProject",51001,7735,"Cell132","Batch1","Group3",50744.2966013748,"2","2"
"Cell133","SeuratProject",65749,8641,"Cell133","Batch1","Group1",66224.9163901558,"0","0"
"Cell134","SeuratProject",54894,7961,"Cell134","Batch1","Group3",55330.6397087548,"2","2"
"Cell135","SeuratProject",64197,8530,"Cell135","Batch1","Group4",64317.5371016664,"3","3"
"Cell136","SeuratProject",58055,8103,"Cell136","Batch1","Group3",58508.3479229188,"2","2"
"Cell137","SeuratProject",67862,8679,"Cell137","Batch1","Group3",68604.0486108289,"2","2"
"Cell138","SeuratProject",64994,8634,"Cell138","Batch1","Group2",64574.2097160659,"1","1"
"Cell139","SeuratProject",65220,8508,"Cell139","Batch1","Group1",64682.9114518685,"0","0"
"Cell140","SeuratProject",66981,8638,"Cell140","Batch1","Group1",66830.2172737654,"0","0"
"Cell141","SeuratProject",67345,8717,"Cell141","Batch1","Group1",67687.9889310275,"0","0"
"Cell142","SeuratProject",50794,7661,"Cell142","Batch1","Group1",51065.1342993676,"0","0"
"Cell143","SeuratProject",44722,7166,"Cell143","Batch1","Group3",44437.4207696742,"2","2"
"Cell144","SeuratProject",51717,7773,"Cell144","Batch1","Group4",51329.4262289508,"3","3"
"Cell145","SeuratProject",83457,9607,"Cell145","Batch1","Group3",82875.0638768053,"2","2"
"Cell146","SeuratProject",71851,8843,"Cell146","Batch1","Group1",71734.9510270423,"0","0"
"Cell147","SeuratProject",49890,7610,"Cell147","Batch1","Group1",49630.0640235629,"0","0"
"Cell148","SeuratProject",50287,7516,"Cell148","Batch1","Group4",50379.2292144756,"3","3"
"Cell149","SeuratProject",59468,8200,"Cell149","Batch1","Group2",59729.9668657629,"1","1"
"Cell150","SeuratProject",48901,7470,"Cell150","Batch1","Group4",48843.9646797373,"3","3"
"Cell151","SeuratProject",46656,7213,"Cell151","Batch1","Group3",46121.0947215865,"2","2"
"Cell152","SeuratProject",50308,7608,"Cell152","Batch1","Group3",49932.7063541889,"2","2"
"Cell153","SeuratProject",60149,8357,"Cell153","Batch1","Group1",60418.4204009919,"0","0"
"Cell154","SeuratProject",81809,9506,"Cell154","Batch1","Group2",82318.5970589917,"1","1"
"Cell155","SeuratProject",60689,8356,"Cell155","Batch1","Group3",61654.3240935354,"2","2"
"Cell156","SeuratProject",55020,7986,"Cell156","Batch1","Group2",54575.5619875709,"1","1"
"Cell157","SeuratProject",62951,8337,"Cell157","Batch1","Group4",62776.2685162869,"3","3"
"Cell158","SeuratProject",69497,8798,"Cell158","Batch1","Group1",68380.4387697482,"0","0"
"Cell159","SeuratProject",67535,8721,"Cell159","Batch1","Group1",67914.1047544399,"0","0"
"Cell160","SeuratProject",57179,8060,"Cell160","Batch1","Group1",57298.6129117161,"0","0"
"Cell161","SeuratProject",59786,8242,"Cell161","Batch1","Group2",59891.5844519085,"1","1"
"Cell162","SeuratProject",54455,7917,"Cell162","Batch1","Group3",54715.2825863196,"2","2"
"Cell163","SeuratProject",55623,7916,"Cell163","Batch1","Group1",55071.1125136822,"0","0"
"Cell164","SeuratProject",63989,8480,"Cell164","Batch1","Group3",64065.335871371,"2","2"
"Cell165","SeuratProject",55395,7958,"Cell165","Batch1","Group1",55346.208582133,"0","0"
"Cell166","SeuratProject",56607,8007,"Cell166","Batch1","Group1",55776.4831575516,"0","0"
"Cell167","SeuratProject",47105,7307,"Cell167","Batch1","Group4",47035.8586946917,"3","3"
"Cell168","SeuratProject",55766,8041,"Cell168","Batch1","Group1",55135.8770479659,"0","0"
"Cell169","SeuratProject",65175,8605,"Cell169","Batch1","Group1",64687.6557305236,"0","0"
"Cell170","SeuratProject",52888,7848,"Cell170","Batch1","Group2",52893.5261444707,"1","1"
"Cell171","SeuratProject",74146,9112,"Cell171","Batch1","Group4",74327.9099329831,"3","3"
"Cell172","SeuratProject",43031,7064,"Cell172","Batch1","Group1",42796.7826803699,"0","0"
"Cell173","SeuratProject",45806,7260,"Cell173","Batch1","Group2",44885.1324670376,"1","1"
"Cell174","SeuratProject",45810,7255,"Cell174","Batch1","Group4",45044.3823400756,"3","3"
"Cell175","SeuratProject",47515,7338,"Cell175","Batch1","Group1",47682.6989479571,"0","0"
"Cell176","SeuratProject",44341,7106,"Cell176","Batch1","Group4",43826.6126646101,"3","3"
"Cell177","SeuratProject",54169,7859,"Cell177","Batch1","Group3",54521.3768265903,"2","2"
"Cell178","SeuratProject",65475,8584,"Cell178","Batch1","Group3",65740.5594350129,"2","2"
"Cell179","SeuratProject",58001,8108,"Cell179","Batch1","Group1",58140.4243506424,"0","0"
"Cell180","SeuratProject",84201,9510,"Cell180","Batch1","Group3",82860.7219544659,"2","2"
"Cell181","SeuratProject",65637,8688,"Cell181","Batch1","Group3",65173.5559392546,"2","2"
"Cell182","SeuratProject",53130,7812,"Cell182","Batch1","Group1",53520.6172085359,"0","0"
"Cell183","SeuratProject",56546,8029,"Cell183","Batch1","Group4",57184.2417187403,"3","3"
"Cell184","SeuratProject",72525,9046,"Cell184","Batch1","Group1",73057.3109923345,"0","0"
"Cell185","SeuratProject",53001,7789,"Cell185","Batch1","Group1",52368.8791425351,"0","0"
"Cell186","SeuratProject",60277,8276,"Cell186","Batch1","Group3",60732.9078269668,"2","2"
"Cell187","SeuratProject",47583,7399,"Cell187","Batch1","Group1",47251.387578031,"0","0"
"Cell188","SeuratProject",48965,7478,"Cell188","Batch1","Group1",49250.4280799042,"0","0"
"Cell189","SeuratProject",86772,9731,"Cell189","Batch1","Group1",87027.9606816187,"0","0"
"Cell190","SeuratProject",53835,7837,"Cell190","Batch1","Group1",53360.1950517219,"0","0"
"Cell191","SeuratProject",48823,7411,"Cell191","Batch1","Group3",48833.9484831565,"2","2"
"Cell192","SeuratProject",52276,7688,"Cell192","Batch1","Group4",52578.7865614638,"3","3"
"Cell193","SeuratProject",81743,9425,"Cell193","Batch1","Group2",81372.0082729936,"1","1"
"Cell194","SeuratProject",58379,8168,"Cell194","Batch1","Group3",58597.2224986592,"2","2"
"Cell195","SeuratProject",61620,8459,"Cell195","Batch1","Group2",61939.1088560707,"1","1"
"Cell196","SeuratProject",72306,8993,"Cell196","Batch1","Group3",73251.3345931599,"2","2"
"Cell197","SeuratProject",76440,9168,"Cell197","Batch1","Group1",75768.097193895,"0","0"
"Cell198","SeuratProject",71120,9039,"Cell198","Batch1","Group2",70794.4107117219,"1","1"
"Cell199","SeuratProject",68594,8863,"Cell199","Batch1","Group2",68449.8644905298,"1","1"
"Cell200","SeuratProject",57623,8059,"Cell200","Batch1","Group3",57026.3114803053,"2","2"
"Cell201","SeuratProject",74857,9165,"Cell201","Batch1","Group2",75046.798877917,"1","1"
"Cell202","SeuratProject",59832,8209,"Cell202","Batch1","Group1",59378.1697138384,"0","0"
"Cell203","SeuratProject",71320,8950,"Cell203","Batch1","Group1",71884.2211903988,"0","0"
"Cell204","SeuratProject",65371,8561,"Cell204","Batch1","Group3",65290.2646037189,"2","2"
"Cell205","SeuratProject",49786,7553,"Cell205","Batch1","Group1",49646.2053339339,"0","0"
"Cell206","SeuratProject",52575,7802,"Cell206","Batch1","Group1",53287.1611849753,"0","0"
"Cell207","SeuratProject",59301,8281,"Cell207","Batch1","Group1",58798.3612138182,"0","0"
"Cell208","SeuratProject",88177,9765,"Cell208","Batch1","Group1",88564.5743799206,"0","0"
"Cell209","SeuratProject",70247,8934,"Cell209","Batch1","Group2",70875.3147138759,"1","1"
"Cell210","SeuratProject",61096,8226,"Cell210","Batch1","Group1",61276.2363040075,"0","0"
"Cell211","SeuratProject",60256,8325,"Cell211","Batch1","Group1",60498.6177663289,"0","0"
"Cell212","SeuratProject",53077,7856,"Cell212","Batch1","Group1",53531.6785945499,"0","0"
"Cell213","SeuratProject",60137,8313,"Cell213","Batch1","Group3",60345.5402236221,"2","2"
"Cell214","SeuratProject",65856,8657,"Cell214","Batch1","Group1",67155.0289405024,"0","0"
"Cell215","SeuratProject",42222,7078,"Cell215","Batch1","Group1",42423.8353755425,"0","0"
"Cell216","SeuratProject",80940,9498,"Cell216","Batch1","Group2",81228.7867828149,"1","1"
"Cell217","SeuratProject",59646,8161,"Cell217","Batch1","Group2",59454.1203643023,"1","1"
"Cell218","SeuratProject",57275,8149,"Cell218","Batch1","Group1",57672.5535732423,"0","0"
"Cell219","SeuratProject",67473,8739,"Cell219","Batch1","Group3",67538.0183068658,"2","2"
"Cell220","SeuratProject",64302,8601,"Cell220","Batch1","Group2",64877.243823693,"1","1"
"Cell221","SeuratProject",95229,10129,"Cell221","Batch1","Group2",95016.1075391333,"1","1"
"Cell222","SeuratProject",52516,7694,"Cell222","Batch1","Group1",52376.6900097663,"0","0"
"Cell223","SeuratProject",45389,7045,"Cell223","Batch1","Group1",44573.534693242,"0","0"
"Cell224","SeuratProject",70156,8938,"Cell224","Batch1","Group2",70448.4185243903,"1","1"
"Cell225","SeuratProject",50860,7736,"Cell225","Batch1","Group3",50934.1371439088,"2","2"
"Cell226","SeuratProject",74958,9171,"Cell226","Batch1","Group1",75009.0180440393,"0","0"
"Cell227","SeuratProject",71224,8951,"Cell227","Batch1","Group1",70566.6361602516,"0","0"
"Cell228","SeuratProject",49914,7607,"Cell228","Batch1","Group1",50360.3433296795,"0","0"
"Cell229","SeuratProject",60168,8198,"Cell229","Batch1","Group4",60831.502676788,"3","3"
"Cell230","SeuratProject",66119,8645,"Cell230","Batch1","Group3",66250.9478769284,"2","2"
"Cell231","SeuratProject",33873,6167,"Cell231","Batch1","Group4",33704.9451985205,"3","3"
"Cell232","SeuratProject",61238,8400,"Cell232","Batch1","Group2",61429.4675355377,"1","1"
"Cell233","SeuratProject",57239,8155,"Cell233","Batch1","Group2",57172.5895120966,"1","1"
"Cell234","SeuratProject",58907,8228,"Cell234","Batch1","Group1",58956.5659791785,"0","0"
"Cell235","SeuratProject",53892,7879,"Cell235","Batch1","Group4",54112.504853715,"3","3"
"Cell236","SeuratProject",83776,9416,"Cell236","Batch1","Group1",83731.8425478698,"0","0"
"Cell237","SeuratProject",82893,9525,"Cell237","Batch1","Group1",82547.775504688,"0","0"
"Cell238","SeuratProject",73157,9011,"Cell238","Batch1","Group4",71865.0739238307,"3","3"
"Cell239","SeuratProject",70968,8989,"Cell239","Batch1","Group1",70743.6295687668,"0","0"
"Cell240","SeuratProject",70715,8954,"Cell240","Batch1","Group4",70016.4435632605,"3","3"
"Cell241","SeuratProject",46088,7397,"Cell241","Batch1","Group1",46377.9112804891,"0","0"
"Cell242","SeuratProject",75490,9177,"Cell242","Batch1","Group3",74732.3306101677,"2","2"
"Cell243","SeuratProject",52565,7675,"Cell243","Batch1","Group1",52437.0767491115,"0","0"
"Cell244","SeuratProject",65588,8542,"Cell244","Batch1","Group1",66290.1275268636,"0","0"
"Cell245","SeuratProject",68428,8780,"Cell245","Batch1","Group1",68781.7289106862,"0","0"
"Cell246","SeuratProject",58739,8224,"Cell246","Batch1","Group1",59044.7619523309,"0","0"
"Cell247","SeuratProject",76461,9247,"Cell247","Batch1","Group4",77088.9414075995,"3","3"
"Cell248","SeuratProject",57316,8016,"Cell248","Batch1","Group2",57094.2961836313,"1","1"
"Cell249","SeuratProject",50705,7560,"Cell249","Batch1","Group3",50166.7974679727,"2","2"
"Cell250","SeuratProject",75917,9207,"Cell250","Batch1","Group3",75772.8445200664,"2","2"
"Cell251","SeuratProject",72350,8992,"Cell251","Batch1","Group2",71708.5384427796,"1","1"
"Cell252","SeuratProject",66296,8687,"Cell252","Batch1","Group4",65669.0318832839,"3","3"
"Cell253","SeuratProject",57696,8097,"Cell253","Batch1","Group1",57951.4181839247,"0","0"
"Cell254","SeuratProject",74730,9130,"Cell254","Batch1","Group3",75019.7125478085,"2","2"
"Cell255","SeuratProject",50439,7609,"Cell255","Batch1","Group2",50344.7089647428,"1","1"
"Cell256","SeuratProject",50162,7526,"Cell256","Batch1","Group4",50038.3394249547,"3","3"
"Cell257","SeuratProject",57241,8086,"Cell257","Batch1","Group1",56801.1060855739,"0","0"
"Cell258","SeuratProject",71724,8957,"Cell258","Batch1","Group2",71699.7067767937,"1","1"
"Cell259","SeuratProject",38551,6600,"Cell259","Batch1","Group3",38340.0183024855,"2","2"
"Cell260","SeuratProject",42184,6960,"Cell260","Batch1","Group4",41982.3699599889,"3","3"
"Cell261","SeuratProject",56345,7917,"Cell261","Batch1","Group4",56053.9652949006,"3","3"
"Cell262","SeuratProject",42428,7098,"Cell262","Batch1","Group2",42778.6402731754,"1","1"
"Cell263","SeuratProject",64635,8582,"Cell263","Batch1","Group2",64720.89103449,"1","1"
"Cell264","SeuratProject",48160,7419,"Cell264","Batch1","Group2",47577.224097151,"1","1"
"Cell265","SeuratProject",48538,7550,"Cell265","Batch1","Group1",49295.0057539523,"0","0"
"Cell266","SeuratProject",63851,8492,"Cell266","Batch1","Group3",63906.4531071497,"2","2"
"Cell267","SeuratProject",48816,7494,"Cell267","Batch1","Group1",49160.8793755351,"0","0"
"Cell268","SeuratProject",91437,9829,"Cell268","Batch1","Group2",91170.1567954953,"1","1"
"Cell269","SeuratProject",50287,7712,"Cell269","Batch1","Group1",50151.4378984257,"0","0"
"Cell270","SeuratProject",68725,8753,"Cell270","Batch1","Group3",68235.1890771437,"2","2"
"Cell271","SeuratProject",53057,7728,"Cell271","Batch1","Group3",52339.870984919,"2","2"
"Cell272","SeuratProject",79019,9263,"Cell272","Batch1","Group2",78789.1681977061,"1","1"
"Cell273","SeuratProject",50032,7522,"Cell273","Batch1","Group3",49698.5022772998,"2","2"
"Cell274","SeuratProject",50465,7527,"Cell274","Batch1","Group4",49936.7730171313,"3","3"
"Cell275","SeuratProject",67391,8671,"Cell275","Batch1","Group3",67500.8842692599,"2","2"
"Cell276","SeuratProject",85336,9656,"Cell276","Batch1","Group1",85369.0020971271,"0","0"
"Cell277","SeuratProject",69115,8736,"Cell277","Batch1","Group4",69299.0363445276,"3","3"
"Cell278","SeuratProject",53853,7959,"Cell278","Batch1","Group2",54467.6556954054,"1","1"
"Cell279","SeuratProject",74915,9106,"Cell279","Batch1","Group1",74625.8475831519,"0","0"
"Cell280","SeuratProject",37992,6633,"Cell280","Batch1","Group2",38334.1425419538,"1","1"
"Cell281","SeuratProject",69569,8751,"Cell281","Batch1","Group4",69311.2281525484,"3","3"
"Cell282","SeuratProject",65791,8669,"Cell282","Batch1","Group1",66388.1633514627,"0","0"
"Cell283","SeuratProject",63021,8457,"Cell283","Batch1","Group4",63301.9867594856,"3","3"
"Cell284","SeuratProject",64089,8616,"Cell284","Batch1","Group2",64064.8517439236,"1","1"
"Cell285","SeuratProject",55643,8056,"Cell285","Batch1","Group3",56264.3479971245,"2","2"
"Cell286","SeuratProject",42274,7011,"Cell286","Batch1","Group1",42490.4096150503,"0","0"
"Cell287","SeuratProject",101961,10265,"Cell287","Batch1","Group1",102409.072665518,"0","0"
"Cell288","SeuratProject",53537,7860,"Cell288","Batch1","Group2",53713.9535587441,"1","1"
"Cell289","SeuratProject",49637,7648,"Cell289","Batch1","Group2",50068.9442660521,"1","1"
"Cell290","SeuratProject",67508,8679,"Cell290","Batch1","Group1",66732.2258737806,"0","0"
"Cell291","SeuratProject",68454,8729,"Cell291","Batch1","Group1",67841.0506761967,"0","0"
"Cell292","SeuratProject",62392,8356,"Cell292","Batch1","Group1",61401.6939003539,"0","0"
"Cell293","SeuratProject",69430,8855,"Cell293","Batch1","Group3",69536.9504130973,"2","2"
"Cell294","SeuratProject",55543,7969,"Cell294","Batch1","Group1",55946.0035121381,"0","0"
"Cell295","SeuratProject",57855,8146,"Cell295","Batch1","Group3",58245.5909567416,"2","2"
"Cell296","SeuratProject",65516,8593,"Cell296","Batch1","Group3",65329.1826688686,"2","2"
"Cell297","SeuratProject",42986,7006,"Cell297","Batch1","Group1",42192.2585930238,"0","0"
"Cell298","SeuratProject",67378,8671,"Cell298","Batch1","Group1",67244.6366636196,"0","0"
"Cell299","SeuratProject",40488,6832,"Cell299","Batch1","Group1",40957.8512295946,"0","0"
"Cell300","SeuratProject",79284,9277,"Cell300","Batch1","Group4",78743.7090006586,"3","3"
"Cell301","SeuratProject",66212,8661,"Cell301","Batch1","Group2",66075.228064575,"1","1"
"Cell302","SeuratProject",67879,8659,"Cell302","Batch1","Group1",67595.2107186731,"0","0"
"Cell303","SeuratProject",40800,6810,"Cell303","Batch1","Group1",40704.075894148,"0","0"
"Cell304","SeuratProject",68331,8811,"Cell304","Batch1","Group3",68394.488376044,"2","2"
"Cell305","SeuratProject",74163,9006,"Cell305","Batch1","Group2",73508.6458477096,"1","1"
"Cell306","SeuratProject",72119,8956,"Cell306","Batch1","Group1",72033.0808384185,"0","0"
"Cell307","SeuratProject",72277,8991,"Cell307","Batch1","Group2",73465.9221227704,"1","1"
"Cell308","SeuratProject",65205,8467,"Cell308","Batch1","Group3",65156.3413038831,"2","2"
"Cell309","SeuratProject",69899,8797,"Cell309","Batch1","Group1",70187.0992586563,"0","0"
"Cell310","SeuratProject",56471,8074,"Cell310","Batch1","Group1",56897.734235056,"0","0"
"Cell311","SeuratProject",63655,8503,"Cell311","Batch1","Group2",64060.3209949274,"1","1"
"Cell312","SeuratProject",62469,8537,"Cell312","Batch1","Group3",62319.0908950634,"2","2"
"Cell313","SeuratProject",57369,8035,"Cell313","Batch1","Group3",57679.3825530424,"2","2"
"Cell314","SeuratProject",31438,5945,"Cell314","Batch1","Group2",31620.7825425355,"1","1"
"Cell315","SeuratProject",56523,7954,"Cell315","Batch1","Group1",55947.3456428895,"0","0"
"Cell316","SeuratProject",69246,8890,"Cell316","Batch1","Group2",69048.9054115313,"1","1"
"Cell317","SeuratProject",59722,8240,"Cell317","Batch1","Group3",59967.6836026557,"2","2"
"Cell318","SeuratProject",45343,7213,"Cell318","Batch1","Group4",45542.0935612808,"3","3"
"Cell319","SeuratProject",61504,8360,"Cell319","Batch1","Group4",61768.2237025233,"3","3"
"Cell320","SeuratProject",52762,7857,"Cell320","Batch1","Group1",52385.9520354465,"0","0"
"Cell321","SeuratProject",54220,7937,"Cell321","Batch1","Group2",54624.3673729621,"1","1"
"Cell322","SeuratProject",56935,8031,"Cell322","Batch1","Group3",56382.1498430916,"2","2"
"Cell323","SeuratProject",49948,7568,"Cell323","Batch1","Group3",49817.8714353499,"2","2"
"Cell324","SeuratProject",65803,8555,"Cell324","Batch1","Group1",66030.2971175611,"0","0"
"Cell325","SeuratProject",62991,8407,"Cell325","Batch1","Group1",63638.6764219457,"0","0"
"Cell326","SeuratProject",52227,7742,"Cell326","Batch1","Group1",52793.6296697593,"0","0"
"Cell327","SeuratProject",68986,8853,"Cell327","Batch1","Group1",70003.6406174897,"0","0"
"Cell328","SeuratProject",40604,6905,"Cell328","Batch1","Group2",40045.9088262987,"1","1"
"Cell329","SeuratProject",68737,8785,"Cell329","Batch1","Group4",68510.9015221859,"3","3"
"Cell330","SeuratProject",50391,7578,"Cell330","Batch1","Group1",49701.9183904026,"0","0"
"Cell331","SeuratProject",59236,8187,"Cell331","Batch1","Group2",59418.0533687788,"1","1"
"Cell332","SeuratProject",80896,9480,"Cell332","Batch1","Group1",81241.6231328253,"0","0"
"Cell333","SeuratProject",67861,8685,"Cell333","Batch1","Group1",68241.1810560327,"0","0"
"Cell334","SeuratProject",52907,7797,"Cell334","Batch1","Group1",53200.2386828707,"0","0"
"Cell335","SeuratProject",90362,9824,"Cell335","Batch1","Group3",89707.3244270998,"2","2"
"Cell336","SeuratProject",49646,7542,"Cell336","Batch1","Group1",49258.6560022162,"0","0"
"Cell337","SeuratProject",52922,7826,"Cell337","Batch1","Group1",53043.5474243451,"0","0"
"Cell338","SeuratProject",80385,9452,"Cell338","Batch1","Group1",80172.6551672266,"0","0"
"Cell339","SeuratProject",63264,8500,"Cell339","Batch1","Group3",63066.1667699992,"2","2"
"Cell340","SeuratProject",65951,8571,"Cell340","Batch1","Group4",65507.9884303479,"3","3"
"Cell341","SeuratProject",53401,7837,"Cell341","Batch1","Group1",53749.3614503929,"0","0"
"Cell342","SeuratProject",55690,8009,"Cell342","Batch1","Group1",56383.8519778126,"0","0"
"Cell343","SeuratProject",69070,8792,"Cell343","Batch1","Group2",68522.7420975437,"1","1"
"Cell344","SeuratProject",72279,8967,"Cell344","Batch1","Group1",72308.6253153782,"0","0"
"Cell345","SeuratProject",52989,7735,"Cell345","Batch1","Group1",52571.4226893703,"0","0"
"Cell346","SeuratProject",52133,7678,"Cell346","Batch1","Group3",52176.9276897565,"2","2"
"Cell347","SeuratProject",58029,8055,"Cell347","Batch1","Group3",58434.7632451803,"2","2"
"Cell348","SeuratProject",63475,8419,"Cell348","Batch1","Group1",63618.4653656273,"0","0"
"Cell349","SeuratProject",55380,7953,"Cell349","Batch1","Group1",55704.3327419612,"0","0"
"Cell350","SeuratProject",80655,9341,"Cell350","Batch1","Group1",80482.2229529343,"0","0"
"Cell351","SeuratProject",49945,7654,"Cell351","Batch1","Group3",49943.5405416796,"2","2"
"Cell352","SeuratProject",42196,6901,"Cell352","Batch1","Group4",42036.4360294294,"3","3"
"Cell353","SeuratProject",64073,8479,"Cell353","Batch1","Group3",63410.0540119405,"2","2"
"Cell354","SeuratProject",44326,7194,"Cell354","Batch1","Group2",44487.1943875355,"1","1"
"Cell355","SeuratProject",61428,8341,"Cell355","Batch1","Group3",62038.2559381038,"2","2"
"Cell356","SeuratProject",63920,8408,"Cell356","Batch1","Group3",63477.2973261485,"2","2"
"Cell357","SeuratProject",43427,6966,"Cell357","Batch1","Group1",43993.5817186475,"0","0"
"Cell358","SeuratProject",64108,8459,"Cell358","Batch1","Group4",64337.1859467232,"3","3"
"Cell359","SeuratProject",49699,7579,"Cell359","Batch1","Group3",50026.9712723011,"2","2"
"Cell360","SeuratProject",50075,7525,"Cell360","Batch1","Group1",50338.7936881892,"0","0"
"Cell361","SeuratProject",48360,7414,"Cell361","Batch1","Group1",48354.3875376024,"0","0"
"Cell362","SeuratProject",46047,7220,"Cell362","Batch1","Group2",46036.251560395,"1","1"
"Cell363","SeuratProject",76254,9112,"Cell363","Batch1","Group1",75665.1250615058,"0","0"
"Cell364","SeuratProject",56165,8043,"Cell364","Batch1","Group2",55401.4953271135,"1","1"
"Cell365","SeuratProject",45979,7289,"Cell365","Batch1","Group2",45697.815318659,"1","1"
"Cell366","SeuratProject",65339,8613,"Cell366","Batch1","Group1",65975.169138377,"0","0"
"Cell367","SeuratProject",58813,8164,"Cell367","Batch1","Group2",58862.27094651,"1","1"
"Cell368","SeuratProject",84800,9659,"Cell368","Batch1","Group2",84392.4612146645,"1","1"
"Cell369","SeuratProject",49294,7565,"Cell369","Batch1","Group4",49524.8151594635,"3","3"
"Cell370","SeuratProject",82935,9532,"Cell370","Batch1","Group1",82187.6689497925,"0","0"
"Cell371","SeuratProject",68636,8791,"Cell371","Batch1","Group2",69891.5201085906,"1","1"
"Cell372","SeuratProject",68276,8777,"Cell372","Batch1","Group4",68773.049318167,"3","3"
"Cell373","SeuratProject",31840,5953,"Cell373","Batch1","Group4",31656.4548668542,"3","3"
"Cell374","SeuratProject",59628,8196,"Cell374","Batch1","Group1",59093.640686687,"0","0"
"Cell375","SeuratProject",60005,8150,"Cell375","Batch1","Group3",59825.0039962804,"2","2"
"Cell376","SeuratProject",81414,9450,"Cell376","Batch1","Group4",81831.4512855045,"3","3"
"Cell377","SeuratProject",59337,8283,"Cell377","Batch1","Group1",59699.7687448952,"0","0"
"Cell378","SeuratProject",60985,8389,"Cell378","Batch1","Group1",61289.3829670793,"0","0"
"Cell379","SeuratProject",56782,8115,"Cell379","Batch1","Group1",56866.5069831635,"0","0"
"Cell380","SeuratProject",55631,7932,"Cell380","Batch1","Group4",56253.1179980494,"3","3"
"Cell381","SeuratProject",55529,8019,"Cell381","Batch1","Group2",55447.4805810004,"1","1"
"Cell382","SeuratProject",39607,6808,"Cell382","Batch1","Group1",39883.9780077458,"0","0"
"Cell383","SeuratProject",65378,8632,"Cell383","Batch1","Group1",65550.4347487797,"0","0"
"Cell384","SeuratProject",63884,8569,"Cell384","Batch1","Group1",65032.7913102477,"0","0"
"Cell385","SeuratProject",63429,8389,"Cell385","Batch1","Group1",63759.9121232553,"0","0"
"Cell386","SeuratProject",64853,8581,"Cell386","Batch1","Group2",64674.1568591837,"1","1"
"Cell387","SeuratProject",79989,9301,"Cell387","Batch1","Group1",79755.5045978747,"0","0"
"Cell388","SeuratProject",53938,7915,"Cell388","Batch1","Group4",53715.1982060975,"3","3"
"Cell389","SeuratProject",53359,7785,"Cell389","Batch1","Group4",53974.1666672737,"3","3"
"Cell390","SeuratProject",48306,7451,"Cell390","Batch1","Group1",48302.1601974164,"0","0"
"Cell391","SeuratProject",68207,8758,"Cell391","Batch1","Group3",68221.3512816356,"2","2"
"Cell392","SeuratProject",70128,8908,"Cell392","Batch1","Group1",70516.5647816034,"0","0"
"Cell393","SeuratProject",52943,7708,"Cell393","Batch1","Group3",52760.5237109717,"2","2"
"Cell394","SeuratProject",51550,7720,"Cell394","Batch1","Group3",52018.0644832304,"2","2"
"Cell395","SeuratProject",87106,9594,"Cell395","Batch1","Group1",86060.2431509032,"0","0"
"Cell396","SeuratProject",71282,9000,"Cell396","Batch1","Group2",71498.7454388824,"1","1"
"Cell397","SeuratProject",50475,7677,"Cell397","Batch1","Group1",50644.231032127,"0","0"
"Cell398","SeuratProject",50793,7653,"Cell398","Batch1","Group1",50848.1112635155,"0","0"
"Cell399","SeuratProject",74334,9187,"Cell399","Batch1","Group2",73812.85432626,"1","1"
"Cell400","SeuratProject",52273,7746,"Cell400","Batch1","Group1",52927.6520476035,"0","0"
"Cell401","SeuratProject",70023,8935,"Cell401","Batch1","Group1",70012.8520163968,"0","0"
"Cell402","SeuratProject",54538,7932,"Cell402","Batch1","Group3",54655.5086454215,"2","2"
"Cell403","SeuratProject",45418,7200,"Cell403","Batch1","Group1",45454.0967275738,"0","0"
"Cell404","SeuratProject",72959,8949,"Cell404","Batch1","Group1",72604.2494409875,"0","0"
"Cell405","SeuratProject",56898,8001,"Cell405","Batch1","Group4",57152.7777123105,"3","3"
"Cell406","SeuratProject",87004,9651,"Cell406","Batch1","Group4",86803.983155452,"3","3"
"Cell407","SeuratProject",51675,7669,"Cell407","Batch1","Group1",51436.4827057783,"0","0"
"Cell408","SeuratProject",72148,8857,"Cell408","Batch1","Group1",72203.486609828,"0","0"
"Cell409","SeuratProject",66478,8616,"Cell409","Batch1","Group2",66335.7818225476,"1","1"
"Cell410","SeuratProject",69034,8835,"Cell410","Batch1","Group1",68533.641634583,"0","0"
"Cell411","SeuratProject",68037,8687,"Cell411","Batch1","Group3",68056.595193042,"2","2"
"Cell412","SeuratProject",57909,8225,"Cell412","Batch1","Group2",58817.5232163553,"1","1"
"Cell413","SeuratProject",74312,9076,"Cell413","Batch1","Group2",74019.1373577893,"1","1"
"Cell414","SeuratProject",58738,8165,"Cell414","Batch1","Group2",58814.8867363563,"1","1"
"Cell415","SeuratProject",41780,6978,"Cell415","Batch1","Group1",41829.6448904236,"0","0"
"Cell416","SeuratProject",50705,7577,"Cell416","Batch1","Group4",49909.1208272118,"3","3"
"Cell417","SeuratProject",59688,8218,"Cell417","Batch1","Group3",59806.5850350919,"2","2"
"Cell418","SeuratProject",69750,8865,"Cell418","Batch1","Group4",70215.0432749213,"3","3"
"Cell419","SeuratProject",53426,7788,"Cell419","Batch1","Group1",53550.4935708593,"0","0"
"Cell420","SeuratProject",82505,9470,"Cell420","Batch1","Group2",81729.3916075447,"1","1"
"Cell421","SeuratProject",54942,7975,"Cell421","Batch1","Group3",53723.7945079945,"2","2"
"Cell422","SeuratProject",57355,8074,"Cell422","Batch1","Group1",57709.1769963122,"0","0"
"Cell423","SeuratProject",58886,8197,"Cell423","Batch1","Group3",58629.1788037265,"2","2"
"Cell424","SeuratProject",42072,6976,"Cell424","Batch1","Group2",42145.3292906235,"1","1"
"Cell425","SeuratProject",65369,8677,"Cell425","Batch1","Group2",66126.7338724973,"1","1"
"Cell426","SeuratProject",67575,8707,"Cell426","Batch1","Group2",66931.567502045,"1","1"
"Cell427","SeuratProject",52664,7730,"Cell427","Batch1","Group1",52676.9531734705,"0","0"
"Cell428","SeuratProject",53234,7882,"Cell428","Batch1","Group1",53530.9585661295,"0","0"
"Cell429","SeuratProject",62431,8420,"Cell429","Batch1","Group3",62135.9750100513,"2","2"
"Cell430","SeuratProject",70634,8947,"Cell430","Batch1","Group2",71081.9148078695,"1","1"
"Cell431","SeuratProject",52331,7737,"Cell431","Batch1","Group1",52994.9699646327,"0","0"
"Cell432","SeuratProject",61190,8371,"Cell432","Batch1","Group1",61337.8503348326,"0","0"
"Cell433","SeuratProject",52716,7795,"Cell433","Batch1","Group1",52267.2523495963,"0","0"
"Cell434","SeuratProject",63593,8577,"Cell434","Batch1","Group3",63203.5743050891,"2","2"
"Cell435","SeuratProject",68171,8692,"Cell435","Batch1","Group2",68890.8166414855,"1","1"
"Cell436","SeuratProject",61459,8384,"Cell436","Batch1","Group2",61425.8803355974,"1","1"
"Cell437","SeuratProject",58370,8150,"Cell437","Batch1","Group1",58527.3271901399,"0","0"
"Cell438","SeuratProject",63009,8410,"Cell438","Batch1","Group4",62463.3527928723,"3","3"
"Cell439","SeuratProject",58380,8022,"Cell439","Batch1","Group4",58557.372840966,"3","3"
"Cell440","SeuratProject",50860,7676,"Cell440","Batch1","Group4",50781.4187721823,"3","3"
"Cell441","SeuratProject",37225,6481,"Cell441","Batch1","Group1",36993.6096782907,"0","0"
"Cell442","SeuratProject",50789,7618,"Cell442","Batch1","Group1",50397.6388550928,"0","0"
"Cell443","SeuratProject",61469,8299,"Cell443","Batch1","Group1",60335.614770173,"0","0"
"Cell444","SeuratProject",82355,9509,"Cell444","Batch1","Group4",81901.9098832104,"3","3"
"Cell445","SeuratProject",60860,8318,"Cell445","Batch1","Group3",61230.5503507236,"2","2"
"Cell446","SeuratProject",60170,8299,"Cell446","Batch1","Group1",59939.0960933859,"0","0"
"Cell447","SeuratProject",69290,8754,"Cell447","Batch1","Group1",69768.8453096236,"0","0"
"Cell448","SeuratProject",38440,6655,"Cell448","Batch1","Group3",38729.3566506163,"2","2"
"Cell449","SeuratProject",69020,8841,"Cell449","Batch1","Group1",68665.0066505495,"0","0"
"Cell450","SeuratProject",93336,9911,"Cell450","Batch1","Group3",93394.2569188347,"2","2"
"Cell451","SeuratProject",63095,8482,"Cell451","Batch1","Group2",63459.8113257095,"1","1"
"Cell452","SeuratProject",53454,7738,"Cell452","Batch1","Group4",53336.7687798012,"3","3"
"Cell453","SeuratProject",47049,7442,"Cell453","Batch1","Group2",46826.0266481827,"1","1"
"Cell454","SeuratProject",47455,7442,"Cell454","Batch1","Group1",47710.7431312912,"0","0"
"Cell455","SeuratProject",57254,8103,"Cell455","Batch1","Group2",57169.7354094984,"1","1"
"Cell456","SeuratProject",48371,7435,"Cell456","Batch1","Group3",48486.5434456361,"2","2"
"Cell457","SeuratProject",46862,7372,"Cell457","Batch1","Group2",47055.125328053,"1","1"
"Cell458","SeuratProject",86660,9660,"Cell458","Batch1","Group1",86196.4699334651,"0","0"
"Cell459","SeuratProject",62061,8386,"Cell459","Batch1","Group4",62198.5633643375,"3","3"
"Cell460","SeuratProject",79150,9376,"Cell460","Batch1","Group3",79805.2493698707,"2","2"
"Cell461","SeuratProject",82240,9650,"Cell461","Batch1","Group1",83382.1606600195,"0","0"
"Cell462","SeuratProject",64879,8620,"Cell462","Batch1","Group1",64689.3826505408,"0","0"
"Cell463","SeuratProject",57498,7987,"Cell463","Batch1","Group4",57207.5934165871,"3","3"
"Cell464","SeuratProject",53395,7731,"Cell464","Batch1","Group3",52983.2434228524,"2","2"
"Cell465","SeuratProject",52432,7800,"Cell465","Batch1","Group1",51937.3604800503,"0","0"
"Cell466","SeuratProject",70383,8807,"Cell466","Batch1","Group3",69996.2496224681,"2","2"
"Cell467","SeuratProject",78345,9293,"Cell467","Batch1","Group2",78765.7440501652,"1","1"
"Cell468","SeuratProject",60031,8371,"Cell468","Batch1","Group1",60113.8108311127,"0","0"
"Cell469","SeuratProject",55968,7980,"Cell469","Batch1","Group3",56367.7024289737,"2","2"
"Cell470","SeuratProject",99853,10240,"Cell470","Batch1","Group1",99857.2637206546,"0","0"
"Cell471","SeuratProject",65570,8584,"Cell471","Batch1","Group1",65293.9601119934,"0","0"
"Cell472","SeuratProject",74138,9051,"Cell472","Batch1","Group3",73400.8790844502,"2","2"
"Cell473","SeuratProject",41950,7037,"Cell473","Batch1","Group1",42709.2620232318,"0","0"
"Cell474","SeuratProject",41376,6966,"Cell474","Batch1","Group3",41280.484327622,"2","2"
"Cell475","SeuratProject",75179,9163,"Cell475","Batch1","Group1",75778.8782949276,"0","0"
"Cell476","SeuratProject",51123,7662,"Cell476","Batch1","Group1",50923.3957263202,"0","0"
"Cell477","SeuratProject",45477,7286,"Cell477","Batch1","Group1",45882.6851563068,"0","0"
"Cell478","SeuratProject",73953,9157,"Cell478","Batch1","Group2",74603.0472092007,"1","1"
"Cell479","SeuratProject",68585,8692,"Cell479","Batch1","Group4",67435.8606807868,"3","3"
"Cell480","SeuratProject",69576,8769,"Cell480","Batch1","Group3",69834.8751376694,"2","2"
"Cell481","SeuratProject",64410,8419,"Cell481","Batch1","Group1",63875.2979820009,"0","0"
"Cell482","SeuratProject",59758,8269,"Cell482","Batch1","Group1",60147.7571732604,"0","0"
"Cell483","SeuratProject",83784,9619,"Cell483","Batch1","Group2",83411.0608061653,"1","1"
"Cell484","SeuratProject",69035,8817,"Cell484","Batch1","Group2",68693.07776494,"1","1"
"Cell485","SeuratProject",71600,8929,"Cell485","Batch1","Group3",71880.0042750035,"2","2"
"Cell486","SeuratProject",64447,8466,"Cell486","Batch1","Group2",64287.126225749,"1","1"
"Cell487","SeuratProject",53312,7757,"Cell487","Batch1","Group3",53460.3019092853,"2","2"
"Cell488","SeuratProject",52250,7726,"Cell488","Batch1","Group1",53014.4384121558,"0","0"
"Cell489","SeuratProject",49943,7617,"Cell489","Batch1","Group1",50601.5335572322,"0","0"
"Cell490","SeuratProject",49117,7531,"Cell490","Batch1","Group1",49067.9331500696,"0","0"
"Cell491","SeuratProject",46655,7222,"Cell491","Batch1","Group3",46101.2241409392,"2","2"
"Cell492","SeuratProject",60931,8438,"Cell492","Batch1","Group2",61156.2522902847,"1","1"
"Cell493","SeuratProject",71134,8897,"Cell493","Batch1","Group1",70974.3336995962,"0","0"
"Cell494","SeuratProject",80876,9343,"Cell494","Batch1","Group1",81154.7174145733,"0","0"
"Cell495","SeuratProject",79130,9369,"Cell495","Batch1","Group2",79389.8702869331,"1","1"
"Cell496","SeuratProject",51139,7634,"Cell496","Batch1","Group1",51120.8116068004,"0","0"
"Cell497","SeuratProject",55767,7974,"Cell497","Batch1","Group2",55863.3881033526,"1","1"
"Cell498","SeuratProject",63653,8378,"Cell498","Batch1","Group2",63303.2989801449,"1","1"
"Cell499","SeuratProject",55113,7960,"Cell499","Batch1","Group2",55079.9691332469,"1","1"
"Cell500","SeuratProject",48277,7374,"Cell500","Batch1","Group3",48127.4881297675,"2","2"
"Cell501","SeuratProject",72874,9047,"Cell501","Batch1","Group3",73611.094369055,"2","2"
"Cell502","SeuratProject",45213,7191,"Cell502","Batch1","Group1",44840.2665565637,"0","0"
"Cell503","SeuratProject",59223,8301,"Cell503","Batch1","Group1",59681.9709556089,"0","0"
"Cell504","SeuratProject",54296,7903,"Cell504","Batch1","Group2",53913.6792402695,"1","1"
"Cell505","SeuratProject",72164,9021,"Cell505","Batch1","Group1",73216.9126087892,"0","0"
"Cell506","SeuratProject",48061,7453,"Cell506","Batch1","Group1",48987.3732424752,"0","0"
"Cell507","SeuratProject",63216,8457,"Cell507","Batch1","Group2",62841.8169061581,"1","1"
"Cell508","SeuratProject",49085,7462,"Cell508","Batch1","Group1",48932.5810780133,"0","0"
"Cell509","SeuratProject",60161,8296,"Cell509","Batch1","Group1",60646.8769711073,"0","0"
"Cell510","SeuratProject",75482,9090,"Cell510","Batch1","Group3",75900.8287875712,"2","2"
"Cell511","SeuratProject",46436,7334,"Cell511","Batch1","Group3",46582.4741266376,"2","2"
"Cell512","SeuratProject",57216,8175,"Cell512","Batch1","Group1",57257.9242612286,"0","0"
"Cell513","SeuratProject",62528,8420,"Cell513","Batch1","Group3",62006.6331600691,"2","2"
"Cell514","SeuratProject",72801,9000,"Cell514","Batch1","Group1",73073.1219143242,"0","0"
"Cell515","SeuratProject",63420,8427,"Cell515","Batch1","Group1",63087.9200946291,"0","0"
"Cell516","SeuratProject",77553,9326,"Cell516","Batch1","Group1",78387.0312825893,"0","0"
"Cell517","SeuratProject",59982,8379,"Cell517","Batch1","Group1",60408.3620934725,"0","0"
"Cell518","SeuratProject",49129,7556,"Cell518","Batch1","Group1",49128.4422112993,"0","0"
"Cell519","SeuratProject",61651,8410,"Cell519","Batch1","Group2",61376.2747416719,"1","1"
"Cell520","SeuratProject",85405,9647,"Cell520","Batch1","Group4",85398.5838714538,"3","3"
"Cell521","SeuratProject",48167,7551,"Cell521","Batch1","Group1",48504.263363668,"0","0"
"Cell522","SeuratProject",51614,7671,"Cell522","Batch1","Group1",52193.3260155971,"0","0"
"Cell523","SeuratProject",59831,8323,"Cell523","Batch1","Group3",60183.775357508,"2","2"
"Cell524","SeuratProject",67077,8678,"Cell524","Batch1","Group2",68142.0833281704,"1","1"
"Cell525","SeuratProject",62605,8454,"Cell525","Batch1","Group1",62592.4442881373,"0","0"
"Cell526","SeuratProject",70798,8918,"Cell526","Batch1","Group1",71525.1020804418,"0","0"
"Cell527","SeuratProject",73010,9020,"Cell527","Batch1","Group1",72454.3754141131,"0","0"
"Cell528","SeuratProject",64499,8518,"Cell528","Batch1","Group1",64352.3162263791,"0","0"
"Cell529","SeuratProject",66120,8561,"Cell529","Batch1","Group4",65478.7518772829,"3","3"
"Cell530","SeuratProject",102541,10388,"Cell530","Batch1","Group1",102933.090968021,"0","0"
"Cell531","SeuratProject",56759,8055,"Cell531","Batch1","Group3",56763.0379594047,"2","2"
"Cell532","SeuratProject",73114,8969,"Cell532","Batch1","Group4",73539.0363762576,"3","3"
"Cell533","SeuratProject",34483,6259,"Cell533","Batch1","Group1",34362.7655637059,"0","0"
"Cell534","SeuratProject",53722,7756,"Cell534","Batch1","Group3",54213.4454900279,"2","2"
"Cell535","SeuratProject",71733,8959,"Cell535","Batch1","Group2",71552.0279422616,"1","1"
"Cell536","SeuratProject",55420,8006,"Cell536","Batch1","Group1",55411.5150991407,"0","0"
"Cell537","SeuratProject",74404,9091,"Cell537","Batch1","Group1",74483.1770441333,"0","0"
"Cell538","SeuratProject",96168,10214,"Cell538","Batch1","Group1",96212.3627076502,"0","0"
"Cell539","SeuratProject",60527,8306,"Cell539","Batch1","Group1",60996.5504574901,"0","0"
"Cell540","SeuratProject",70750,8876,"Cell540","Batch1","Group2",70552.9465066948,"1","1"
"Cell541","SeuratProject",69574,8793,"Cell541","Batch1","Group1",69099.392352506,"0","0"
"Cell542","SeuratProject",57250,8088,"Cell542","Batch1","Group1",57932.4320706267,"0","0"
"Cell543","SeuratProject",70388,8965,"Cell543","Batch1","Group3",70236.5103976697,"2","2"
"Cell544","SeuratProject",42953,7047,"Cell544","Batch1","Group3",43251.3226220584,"2","2"
"Cell545","SeuratProject",69032,8810,"Cell545","Batch1","Group3",69016.0340321371,"2","2"
"Cell546","SeuratProject",77004,9233,"Cell546","Batch1","Group3",77401.5130629056,"2","2"
"Cell547","SeuratProject",61722,8366,"Cell547","Batch1","Group1",62294.2404636291,"0","0"
"Cell548","SeuratProject",92018,10041,"Cell548","Batch1","Group4",92202.5264224594,"3","3"
"Cell549","SeuratProject",57257,8117,"Cell549","Batch1","Group3",57947.8008497682,"2","2"
"Cell550","SeuratProject",50054,7646,"Cell550","Batch1","Group1",50724.967426291,"0","0"
"Cell551","SeuratProject",54563,7924,"Cell551","Batch1","Group1",55112.2470203334,"0","0"
"Cell552","SeuratProject",81734,9472,"Cell552","Batch1","Group2",81298.814017793,"1","1"
"Cell553","SeuratProject",48670,7424,"Cell553","Batch1","Group1",48553.6770670908,"0","0"
"Cell554","SeuratProject",62472,8440,"Cell554","Batch1","Group1",62667.0566354572,"0","0"
"Cell555","SeuratProject",51826,7691,"Cell555","Batch1","Group1",51479.8135652904,"0","0"
"Cell556","SeuratProject",79631,9356,"Cell556","Batch1","Group3",79437.5256798526,"2","2"
"Cell557","SeuratProject",76545,9208,"Cell557","Batch1","Group1",76181.6941025597,"0","0"
"Cell558","SeuratProject",66881,8664,"Cell558","Batch1","Group3",67060.429202448,"2","2"
"Cell559","SeuratProject",78361,9352,"Cell559","Batch1","Group2",78555.5652602793,"1","1"
"Cell560","SeuratProject",57615,8141,"Cell560","Batch1","Group3",57524.5994574854,"2","2"
"Cell561","SeuratProject",69842,8872,"Cell561","Batch1","Group1",70055.3969728372,"0","0"
"Cell562","SeuratProject",85658,9671,"Cell562","Batch1","Group2",85673.0195030085,"1","1"
"Cell563","SeuratProject",55737,8048,"Cell563","Batch1","Group3",55862.6542487551,"2","2"
"Cell564","SeuratProject",64082,8586,"Cell564","Batch1","Group2",64571.1538406976,"1","1"
"Cell565","SeuratProject",56638,7963,"Cell565","Batch1","Group1",55719.1491177236,"0","0"
"Cell566","SeuratProject",67258,8663,"Cell566","Batch1","Group2",67082.7719422971,"1","1"
"Cell567","SeuratProject",83164,9543,"Cell567","Batch1","Group1",84669.7304880573,"0","0"
"Cell568","SeuratProject",47266,7396,"Cell568","Batch1","Group1",47241.6843866687,"0","0"
"Cell569","SeuratProject",61942,8253,"Cell569","Batch1","Group1",61779.0731320111,"0","0"
"Cell570","SeuratProject",59374,8198,"Cell570","Batch1","Group2",58428.6508944878,"1","1"
"Cell571","SeuratProject",55155,7952,"Cell571","Batch1","Group2",54833.5140468535,"1","1"
"Cell572","SeuratProject",61406,8439,"Cell572","Batch1","Group3",62235.8026810592,"2","2"
"Cell573","SeuratProject",50077,7566,"Cell573","Batch1","Group1",50116.2165034706,"0","0"
"Cell574","SeuratProject",84294,9565,"Cell574","Batch1","Group4",84468.6994979064,"3","3"
"Cell575","SeuratProject",55513,7960,"Cell575","Batch1","Group2",54943.3033915369,"1","1"
"Cell576","SeuratProject",52332,7718,"Cell576","Batch1","Group1",52176.865294012,"0","0"
"Cell577","SeuratProject",68291,8729,"Cell577","Batch1","Group2",68289.5115234116,"1","1"
"Cell578","SeuratProject",50844,7635,"Cell578","Batch1","Group1",51486.5571790514,"0","0"
"Cell579","SeuratProject",52763,7827,"Cell579","Batch1","Group3",52733.8060873491,"2","2"
"Cell580","SeuratProject",71298,8918,"Cell580","Batch1","Group1",70647.8800483667,"0","0"
"Cell581","SeuratProject",63174,8361,"Cell581","Batch1","Group1",62577.2036895261,"0","0"
"Cell582","SeuratProject",60295,8261,"Cell582","Batch1","Group2",60267.9606352075,"1","1"
"Cell583","SeuratProject",75798,9102,"Cell583","Batch1","Group1",74570.2863883654,"0","0"
"Cell584","SeuratProject",56023,8063,"Cell584","Batch1","Group4",56220.5228524621,"3","3"
"Cell585","SeuratProject",57629,8113,"Cell585","Batch1","Group3",57934.5963332219,"2","2"
"Cell586","SeuratProject",51948,7726,"Cell586","Batch1","Group3",51746.1909888854,"2","2"
"Cell587","SeuratProject",63278,8493,"Cell587","Batch1","Group3",62216.5916059409,"2","2"
"Cell588","SeuratProject",46575,7264,"Cell588","Batch1","Group1",46852.0394993909,"0","0"
"Cell589","SeuratProject",59576,8199,"Cell589","Batch1","Group1",59320.6924980265,"0","0"
"Cell590","SeuratProject",68792,8857,"Cell590","Batch1","Group3",69285.4855615673,"2","2"
"Cell591","SeuratProject",54124,7871,"Cell591","Batch1","Group1",54572.7065670042,"0","0"
"Cell592","SeuratProject",106577,10492,"Cell592","Batch1","Group2",106056.948359964,"1","1"
"Cell593","SeuratProject",51493,7745,"Cell593","Batch1","Group2",52602.5751440185,"1","1"
"Cell594","SeuratProject",46871,7425,"Cell594","Batch1","Group2",46552.4242718002,"1","1"
"Cell595","SeuratProject",44323,7101,"Cell595","Batch1","Group1",44136.9438689075,"0","0"
"Cell596","SeuratProject",70689,8923,"Cell596","Batch1","Group3",70463.3888378106,"2","2"
"Cell597","SeuratProject",54837,7971,"Cell597","Batch1","Group2",54174.7835595851,"1","1"
"Cell598","SeuratProject",60882,8337,"Cell598","Batch1","Group4",60285.7580907849,"3","3"
"Cell599","SeuratProject",41036,6826,"Cell599","Batch1","Group1",40943.976600085,"0","0"
"Cell600","SeuratProject",58410,8159,"Cell600","Batch1","Group4",58745.8697960119,"3","3"
"Cell601","SeuratProject",80303,9469,"Cell601","Batch1","Group1",80087.8451969619,"0","0"
"Cell602","SeuratProject",61921,8425,"Cell602","Batch1","Group2",61343.0722648986,"1","1"
"Cell603","SeuratProject",58056,8175,"Cell603","Batch1","Group1",57768.0712480024,"0","0"
"Cell604","SeuratProject",49229,7529,"Cell604","Batch1","Group1",49318.7355331056,"0","0"
"Cell605","SeuratProject",61505,8324,"Cell605","Batch1","Group1",61804.5319747738,"0","0"
"Cell606","SeuratProject",64099,8594,"Cell606","Batch1","Group2",63392.4654760826,"1","1"
"Cell607","SeuratProject",80262,9429,"Cell607","Batch1","Group2",80947.6088525183,"1","1"
"Cell608","SeuratProject",72348,9071,"Cell608","Batch1","Group3",72664.7875080981,"2","2"
"Cell609","SeuratProject",77845,9151,"Cell609","Batch1","Group1",77005.1836132669,"0","0"
"Cell610","SeuratProject",54170,7851,"Cell610","Batch1","Group3",54270.2560096153,"2","2"
"Cell611","SeuratProject",65488,8727,"Cell611","Batch1","Group2",66030.8793599963,"1","1"
"Cell612","SeuratProject",43106,7098,"Cell612","Batch1","Group3",43178.7540790083,"2","2"
"Cell613","SeuratProject",51299,7683,"Cell613","Batch1","Group3",50997.6490850762,"2","2"
"Cell614","SeuratProject",70397,8882,"Cell614","Batch1","Group4",70703.1417967428,"3","3"
"Cell615","SeuratProject",63612,8537,"Cell615","Batch1","Group2",64238.052583991,"1","1"
"Cell616","SeuratProject",56879,7995,"Cell616","Batch1","Group1",55523.3362852181,"0","0"
"Cell617","SeuratProject",44046,7120,"Cell617","Batch1","Group2",43912.8719923687,"1","1"
"Cell618","SeuratProject",53577,7786,"Cell618","Batch1","Group1",53694.9539632046,"0","0"
"Cell619","SeuratProject",62029,8323,"Cell619","Batch1","Group4",61077.8163072526,"3","3"
"Cell620","SeuratProject",54868,7946,"Cell620","Batch1","Group1",55393.2521061878,"0","0"
"Cell621","SeuratProject",44011,7058,"Cell621","Batch1","Group1",44116.2557485639,"0","0"
"Cell622","SeuratProject",45936,7301,"Cell622","Batch1","Group1",45760.7844158204,"0","0"
"Cell623","SeuratProject",67972,8746,"Cell623","Batch1","Group2",67520.0191132146,"1","1"
"Cell624","SeuratProject",75937,9183,"Cell624","Batch1","Group1",74834.6524044085,"0","0"
"Cell625","SeuratProject",73064,8982,"Cell625","Batch1","Group3",72545.9607681753,"2","2"
"Cell626","SeuratProject",54789,7958,"Cell626","Batch1","Group1",55152.4036383291,"0","0"
"Cell627","SeuratProject",48686,7482,"Cell627","Batch1","Group1",48608.5811979419,"0","0"
"Cell628","SeuratProject",64971,8514,"Cell628","Batch1","Group1",64601.4903550921,"0","0"
"Cell629","SeuratProject",49956,7612,"Cell629","Batch1","Group3",49213.7837997535,"2","2"
"Cell630","SeuratProject",59886,8201,"Cell630","Batch1","Group1",59254.1295901145,"0","0"
"Cell631","SeuratProject",61754,8539,"Cell631","Batch1","Group2",62247.9948212452,"1","1"
"Cell632","SeuratProject",102725,10304,"Cell632","Batch1","Group4",102177.612135887,"3","3"
"Cell633","SeuratProject",41408,6924,"Cell633","Batch1","Group1",41811.5428405268,"0","0"
"Cell634","SeuratProject",68977,8823,"Cell634","Batch1","Group4",69672.8499379639,"3","3"
"Cell635","SeuratProject",50012,7667,"Cell635","Batch1","Group1",50284.1848727905,"0","0"
"Cell636","SeuratProject",59851,8328,"Cell636","Batch1","Group1",60403.8876003262,"0","0"
"Cell637","SeuratProject",51968,7780,"Cell637","Batch1","Group3",52625.8943404511,"2","2"
"Cell638","SeuratProject",55473,7807,"Cell638","Batch1","Group3",54960.4195931505,"2","2"
"Cell639","SeuratProject",61973,8376,"Cell639","Batch1","Group3",62015.0372883977,"2","2"
"Cell640","SeuratProject",69156,8803,"Cell640","Batch1","Group1",68406.1925528403,"0","0"
"Cell641","SeuratProject",70791,8970,"Cell641","Batch1","Group1",70629.0699548763,"0","0"
"Cell642","SeuratProject",70744,8930,"Cell642","Batch1","Group1",71604.2546631844,"0","0"
"Cell643","SeuratProject",83544,9619,"Cell643","Batch1","Group1",83831.2699594938,"0","0"
"Cell644","SeuratProject",72185,9005,"Cell644","Batch1","Group1",71623.9893709928,"0","0"
"Cell645","SeuratProject",47258,7428,"Cell645","Batch1","Group1",47225.897242882,"0","0"
"Cell646","SeuratProject",48636,7412,"Cell646","Batch1","Group3",48321.9660219954,"2","2"
"Cell647","SeuratProject",75680,9181,"Cell647","Batch1","Group2",75692.2243096856,"1","1"
"Cell648","SeuratProject",67162,8668,"Cell648","Batch1","Group4",67367.3392951832,"3","3"
"Cell649","SeuratProject",63300,8458,"Cell649","Batch1","Group2",62711.4743571154,"1","1"
"Cell650","SeuratProject",66616,8645,"Cell650","Batch1","Group2",67173.5398069848,"1","1"
"Cell651","SeuratProject",66154,8646,"Cell651","Batch1","Group3",66663.9621265323,"2","2"
"Cell652","SeuratProject",65678,8611,"Cell652","Batch1","Group1",65082.2374847434,"0","0"
"Cell653","SeuratProject",60239,8239,"Cell653","Batch1","Group1",59443.4414474716,"0","0"
"Cell654","SeuratProject",65795,8684,"Cell654","Batch1","Group1",66223.0928151237,"0","0"
"Cell655","SeuratProject",53494,7628,"Cell655","Batch1","Group4",53447.5586424008,"3","3"
"Cell656","SeuratProject",59974,8330,"Cell656","Batch1","Group3",60094.3061572815,"2","2"
"Cell657","SeuratProject",48168,7431,"Cell657","Batch1","Group2",47690.8602817869,"1","1"
"Cell658","SeuratProject",65456,8683,"Cell658","Batch1","Group2",65637.8234932901,"1","1"
"Cell659","SeuratProject",66854,8644,"Cell659","Batch1","Group2",65931.7425903412,"1","1"
"Cell660","SeuratProject",55468,7866,"Cell660","Batch1","Group3",54549.9853442853,"2","2"
"Cell661","SeuratProject",73690,9017,"Cell661","Batch1","Group2",73068.3187184869,"1","1"
"Cell662","SeuratProject",55607,7918,"Cell662","Batch1","Group4",55779.5772147434,"3","3"
"Cell663","SeuratProject",68473,8775,"Cell663","Batch1","Group2",68593.7693732138,"1","1"
"Cell664","SeuratProject",72865,9054,"Cell664","Batch1","Group2",72798.3011749482,"1","1"
"Cell665","SeuratProject",50621,7520,"Cell665","Batch1","Group4",51117.8224593251,"3","3"
"Cell666","SeuratProject",60737,8403,"Cell666","Batch1","Group1",61131.2729449782,"0","0"
"Cell667","SeuratProject",65301,8660,"Cell667","Batch1","Group1",65902.2972654956,"0","0"
"Cell668","SeuratProject",51805,7783,"Cell668","Batch1","Group1",52593.4267102969,"0","0"
"Cell669","SeuratProject",87911,9702,"Cell669","Batch1","Group4",88391.6264854653,"3","3"
"Cell670","SeuratProject",50473,7553,"Cell670","Batch1","Group3",50172.3110430823,"2","2"
"Cell671","SeuratProject",43920,7023,"Cell671","Batch1","Group3",43778.4515138633,"2","2"
"Cell672","SeuratProject",61837,8437,"Cell672","Batch1","Group1",62068.587442404,"0","0"
"Cell673","SeuratProject",42399,6931,"Cell673","Batch1","Group4",42587.6858872597,"3","3"
"Cell674","SeuratProject",55337,7958,"Cell674","Batch1","Group4",56383.8332399496,"3","3"
"Cell675","SeuratProject",49190,7557,"Cell675","Batch1","Group2",49599.23406809,"1","1"
"Cell676","SeuratProject",47275,7420,"Cell676","Batch1","Group1",47050.3271743625,"0","0"
"Cell677","SeuratProject",74183,9060,"Cell677","Batch1","Group1",74949.3173501392,"0","0"
"Cell678","SeuratProject",51792,7678,"Cell678","Batch1","Group1",51692.7910683216,"0","0"
"Cell679","SeuratProject",64353,8536,"Cell679","Batch1","Group4",64361.1467249117,"3","3"
"Cell680","SeuratProject",63985,8519,"Cell680","Batch1","Group1",64313.2022629813,"0","0"
"Cell681","SeuratProject",64654,8543,"Cell681","Batch1","Group3",65123.7540394534,"2","2"
"Cell682","SeuratProject",50324,7615,"Cell682","Batch1","Group3",50400.5296657847,"2","2"
"Cell683","SeuratProject",55109,8057,"Cell683","Batch1","Group2",54865.1572709587,"1","1"
"Cell684","SeuratProject",59447,8220,"Cell684","Batch1","Group1",59084.7096057615,"0","0"
"Cell685","SeuratProject",70942,8827,"Cell685","Batch1","Group1",70607.8982003839,"0","0"
"Cell686","SeuratProject",62938,8318,"Cell686","Batch1","Group4",62388.1227614649,"3","3"
"Cell687","SeuratProject",57638,8126,"Cell687","Batch1","Group1",58195.2914256344,"0","0"
"Cell688","SeuratProject",55611,7996,"Cell688","Batch1","Group1",55492.6967789126,"0","0"
"Cell689","SeuratProject",64496,8527,"Cell689","Batch1","Group4",64095.1233694658,"3","3"
"Cell690","SeuratProject",36651,6514,"Cell690","Batch1","Group1",36578.1210002723,"0","0"
"Cell691","SeuratProject",58344,8127,"Cell691","Batch1","Group1",58573.4575536507,"0","0"
"Cell692","SeuratProject",50312,7582,"Cell692","Batch1","Group2",50819.7216291207,"1","1"
"Cell693","SeuratProject",65809,8615,"Cell693","Batch1","Group4",65683.4318596472,"3","3"
"Cell694","SeuratProject",62267,8448,"Cell694","Batch1","Group3",62043.4142119628,"2","2"
"Cell695","SeuratProject",41903,6952,"Cell695","Batch1","Group1",41870.3922435588,"0","0"
"Cell696","SeuratProject",51859,7686,"Cell696","Batch1","Group4",52356.6555365779,"3","3"
"Cell697","SeuratProject",86838,9774,"Cell697","Batch1","Group1",86108.6567753172,"0","0"
"Cell698","SeuratProject",57864,8006,"Cell698","Batch1","Group3",57063.4210588159,"2","2"
"Cell699","SeuratProject",60163,8295,"Cell699","Batch1","Group1",60130.7660079159,"0","0"
"Cell700","SeuratProject",49998,7637,"Cell700","Batch1","Group2",49759.255932394,"1","1"
"Cell701","SeuratProject",69584,8817,"Cell701","Batch1","Group1",69652.9116906125,"0","0"
"Cell702","SeuratProject",63116,8394,"Cell702","Batch1","Group1",63237.1316612034,"0","0"
"Cell703","SeuratProject",54693,7858,"Cell703","Batch1","Group1",53851.2876892023,"0","0"
"Cell704","SeuratProject",80295,9375,"Cell704","Batch1","Group3",80093.6342708682,"2","2"
"Cell705","SeuratProject",56865,8143,"Cell705","Batch1","Group1",57335.7489620507,"0","0"
"Cell706","SeuratProject",36912,6585,"Cell706","Batch1","Group2",37145.6670744414,"1","1"
"Cell707","SeuratProject",63354,8521,"Cell707","Batch1","Group4",63524.4100199638,"3","3"
"Cell708","SeuratProject",47650,7362,"Cell708","Batch1","Group2",47903.7662204425,"1","1"
"Cell709","SeuratProject",47273,7317,"Cell709","Batch1","Group1",47141.4115885946,"0","0"
"Cell710","SeuratProject",69666,8916,"Cell710","Batch1","Group3",70314.6736374113,"2","2"
"Cell711","SeuratProject",62968,8501,"Cell711","Batch1","Group3",63138.4371239135,"2","2"
"Cell712","SeuratProject",52309,7732,"Cell712","Batch1","Group4",52060.3417428328,"3","3"
"Cell713","SeuratProject",87411,9695,"Cell713","Batch1","Group3",86735.8067611988,"2","2"
"Cell714","SeuratProject",92794,9953,"Cell714","Batch1","Group2",92386.9656335563,"1","1"
"Cell715","SeuratProject",62387,8386,"Cell715","Batch1","Group2",62364.9101617711,"1","1"
"Cell716","SeuratProject",70636,8810,"Cell716","Batch1","Group1",70600.2137610923,"0","0"
"Cell717","SeuratProject",53547,7765,"Cell717","Batch1","Group1",53510.3954357315,"0","0"
"Cell718","SeuratProject",60720,8397,"Cell718","Batch1","Group4",60801.8826746532,"3","3"
"Cell719","SeuratProject",72284,8969,"Cell719","Batch1","Group4",71584.4443349866,"3","3"
"Cell720","SeuratProject",51042,7679,"Cell720","Batch1","Group3",51219.2874916607,"2","2"
"Cell721","SeuratProject",61901,8335,"Cell721","Batch1","Group2",62385.906792653,"1","1"
"Cell722","SeuratProject",78005,9280,"Cell722","Batch1","Group2",78277.4331112973,"1","1"
"Cell723","SeuratProject",56557,8029,"Cell723","Batch1","Group2",56714.5820681047,"1","1"
"Cell724","SeuratProject",57374,8023,"Cell724","Batch1","Group2",57293.5986227697,"1","1"
"Cell725","SeuratProject",85177,9610,"Cell725","Batch1","Group4",85573.9278142602,"3","3"
"Cell726","SeuratProject",83930,9552,"Cell726","Batch1","Group1",83851.5178490111,"0","0"
"Cell727","SeuratProject",49366,7574,"Cell727","Batch1","Group1",49176.1988665963,"0","0"
"Cell728","SeuratProject",66502,8767,"Cell728","Batch1","Group3",67131.3664840143,"2","2"
"Cell729","SeuratProject",45249,7282,"Cell729","Batch1","Group2",45612.5555212582,"1","1"
"Cell730","SeuratProject",76161,9198,"Cell730","Batch1","Group3",77067.0855230522,"2","2"
"Cell731","SeuratProject",63081,8506,"Cell731","Batch1","Group2",63003.2633000914,"1","1"
"Cell732","SeuratProject",51332,7709,"Cell732","Batch1","Group4",50923.7636359798,"3","3"
"Cell733","SeuratProject",56507,7922,"Cell733","Batch1","Group4",56496.9973466138,"3","3"
"Cell734","SeuratProject",61711,8376,"Cell734","Batch1","Group1",61835.2157857347,"0","0"
"Cell735","SeuratProject",34323,6267,"Cell735","Batch1","Group1",34258.1069476597,"0","0"
"Cell736","SeuratProject",67581,8738,"Cell736","Batch1","Group1",68456.1770032239,"0","0"
"Cell737","SeuratProject",71160,8828,"Cell737","Batch1","Group4",70534.3397085011,"3","3"
"Cell738","SeuratProject",66101,8523,"Cell738","Batch1","Group3",65490.9848656178,"2","2"
"Cell739","SeuratProject",71888,9034,"Cell739","Batch1","Group3",71281.503447391,"2","2"
"Cell740","SeuratProject",88060,9717,"Cell740","Batch1","Group3",87849.218519611,"2","2"
"Cell741","SeuratProject",70390,8850,"Cell741","Batch1","Group1",69882.4001196799,"0","0"
"Cell742","SeuratProject",61093,8314,"Cell742","Batch1","Group4",60799.954118963,"3","3"
"Cell743","SeuratProject",61358,8367,"Cell743","Batch1","Group2",62016.3761610271,"1","1"
"Cell744","SeuratProject",56391,7963,"Cell744","Batch1","Group4",56367.8921905633,"3","3"
"Cell745","SeuratProject",47353,7376,"Cell745","Batch1","Group1",47251.8319586461,"0","0"
"Cell746","SeuratProject",51913,7692,"Cell746","Batch1","Group1",51652.506606941,"0","0"
"Cell747","SeuratProject",61811,8385,"Cell747","Batch1","Group1",61097.342012227,"0","0"
"Cell748","SeuratProject",40540,6925,"Cell748","Batch1","Group1",41577.5300249666,"0","0"
"Cell749","SeuratProject",80361,9330,"Cell749","Batch1","Group2",79738.933375296,"1","1"
"Cell750","SeuratProject",61819,8418,"Cell750","Batch1","Group1",62925.1468238804,"0","0"
"Cell751","SeuratProject",63216,8517,"Cell751","Batch1","Group1",62950.2428490036,"0","0"
"Cell752","SeuratProject",61061,8321,"Cell752","Batch1","Group2",60443.4348710729,"1","1"
"Cell753","SeuratProject",43729,7071,"Cell753","Batch1","Group4",43627.7303698904,"3","3"
"Cell754","SeuratProject",54956,7916,"Cell754","Batch1","Group3",54806.7160893808,"2","2"
"Cell755","SeuratProject",75676,9183,"Cell755","Batch1","Group1",75012.1438940647,"0","0"
"Cell756","SeuratProject",54023,7844,"Cell756","Batch1","Group1",53274.7844825284,"0","0"
"Cell757","SeuratProject",72824,8986,"Cell757","Batch1","Group3",73002.956587218,"2","2"
"Cell758","SeuratProject",71830,9016,"Cell758","Batch1","Group3",72341.9576730382,"2","2"
"Cell759","SeuratProject",68982,8776,"Cell759","Batch1","Group1",69924.0404951207,"0","0"
"Cell760","SeuratProject",76006,9117,"Cell760","Batch1","Group3",75196.5123159865,"2","2"
"Cell761","SeuratProject",61931,8416,"Cell761","Batch1","Group4",61944.022089948,"3","3"
"Cell762","SeuratProject",43016,7033,"Cell762","Batch1","Group1",43131.0964220484,"0","0"
"Cell763","SeuratProject",62591,8429,"Cell763","Batch1","Group1",62735.8757979606,"0","0"
"Cell764","SeuratProject",42805,7046,"Cell764","Batch1","Group2",42597.9743703279,"1","1"
"Cell765","SeuratProject",60635,8373,"Cell765","Batch1","Group1",60741.6856880533,"0","0"
"Cell766","SeuratProject",68329,8890,"Cell766","Batch1","Group2",68549.5437487646,"1","1"
"Cell767","SeuratProject",58388,8102,"Cell767","Batch1","Group1",58063.8202883122,"0","0"
"Cell768","SeuratProject",56102,7967,"Cell768","Batch1","Group3",56238.6446909148,"2","2"
"Cell769","SeuratProject",55407,7985,"Cell769","Batch1","Group1",55386.6606522996,"0","0"
"Cell770","SeuratProject",80447,9399,"Cell770","Batch1","Group2",80427.3016353365,"1","1"
"Cell771","SeuratProject",54505,7943,"Cell771","Batch1","Group1",54510.6433888355,"0","0"
"Cell772","SeuratProject",113253,10760,"Cell772","Batch1","Group2",112713.035470181,"1","1"
"Cell773","SeuratProject",77243,9252,"Cell773","Batch1","Group1",77310.5515023006,"0","0"
"Cell774","SeuratProject",57875,8133,"Cell774","Batch1","Group2",57933.5999614283,"1","1"
"Cell775","SeuratProject",74269,9150,"Cell775","Batch1","Group1",75588.3855921089,"0","0"
"Cell776","SeuratProject",51124,7611,"Cell776","Batch1","Group2",51343.4691578459,"1","1"
"Cell777","SeuratProject",59340,8303,"Cell777","Batch1","Group2",59197.6171680935,"1","1"
"Cell778","SeuratProject",57022,8106,"Cell778","Batch1","Group2",57503.6335184571,"1","1"
"Cell779","SeuratProject",45275,7241,"Cell779","Batch1","Group2",45043.3744745196,"1","1"
"Cell780","SeuratProject",61841,8475,"Cell780","Batch1","Group1",61185.387621311,"0","0"
"Cell781","SeuratProject",42057,6960,"Cell781","Batch1","Group1",42404.9152936015,"0","0"
"Cell782","SeuratProject",52871,7875,"Cell782","Batch1","Group3",53511.0562776992,"2","2"
"Cell783","SeuratProject",58254,8177,"Cell783","Batch1","Group3",58550.4683250055,"2","2"
"Cell784","SeuratProject",59787,8281,"Cell784","Batch1","Group1",59923.9324624228,"0","0"
"Cell785","SeuratProject",73647,9104,"Cell785","Batch1","Group3",74334.0972733336,"2","2"
"Cell786","SeuratProject",65387,8553,"Cell786","Batch1","Group4",65580.3673079862,"3","3"
"Cell787","SeuratProject",54037,7860,"Cell787","Batch1","Group3",54275.0297226711,"2","2"
"Cell788","SeuratProject",50529,7589,"Cell788","Batch1","Group1",50122.9881940011,"0","0"
"Cell789","SeuratProject",64352,8588,"Cell789","Batch1","Group1",64504.6674477321,"0","0"
"Cell790","SeuratProject",74022,9003,"Cell790","Batch1","Group3",74450.0461136341,"2","2"
"Cell791","SeuratProject",75383,9227,"Cell791","Batch1","Group2",75314.1621645241,"1","1"
"Cell792","SeuratProject",68910,8833,"Cell792","Batch1","Group3",69419.3296364553,"2","2"
"Cell793","SeuratProject",38322,6657,"Cell793","Batch1","Group2",38240.2031336601,"1","1"
"Cell794","SeuratProject",52193,7851,"Cell794","Batch1","Group1",52221.6711851389,"0","0"
"Cell795","SeuratProject",50432,7611,"Cell795","Batch1","Group3",50083.7263732004,"2","2"
"Cell796","SeuratProject",57575,8078,"Cell796","Batch1","Group1",57392.305512784,"0","0"
"Cell797","SeuratProject",65619,8669,"Cell797","Batch1","Group3",65459.6805877103,"2","2"
"Cell798","SeuratProject",77957,9281,"Cell798","Batch1","Group2",78155.8131965517,"1","1"
"Cell799","SeuratProject",60635,8342,"Cell799","Batch1","Group2",60511.3728638678,"1","1"
"Cell800","SeuratProject",62705,8405,"Cell800","Batch1","Group3",62266.7608911312,"2","2"
"Cell801","SeuratProject",49275,7546,"Cell801","Batch1","Group1",50232.985039094,"0","0"
"Cell802","SeuratProject",75913,9133,"Cell802","Batch1","Group2",75680.6965094166,"1","1"
"Cell803","SeuratProject",54286,7878,"Cell803","Batch1","Group4",54541.5364851724,"3","3"
"Cell804","SeuratProject",72115,9018,"Cell804","Batch1","Group3",73268.3608534686,"2","2"
"Cell805","SeuratProject",81914,9463,"Cell805","Batch1","Group3",82086.065368388,"2","2"
"Cell806","SeuratProject",50881,7574,"Cell806","Batch1","Group4",51417.538717686,"3","3"
"Cell807","SeuratProject",106603,10395,"Cell807","Batch1","Group1",105244.991757519,"0","0"
"Cell808","SeuratProject",62370,8403,"Cell808","Batch1","Group1",62417.6575440664,"0","0"
"Cell809","SeuratProject",69966,8913,"Cell809","Batch1","Group4",70404.2355989682,"3","3"
"Cell810","SeuratProject",49170,7626,"Cell810","Batch1","Group2",49022.8508985445,"1","1"
"Cell811","SeuratProject",74541,9098,"Cell811","Batch1","Group1",74289.8606220814,"0","0"
"Cell812","SeuratProject",65001,8738,"Cell812","Batch1","Group1",65335.8047717575,"0","0"
"Cell813","SeuratProject",54734,7997,"Cell813","Batch1","Group1",55029.771997952,"0","0"
"Cell814","SeuratProject",56403,8042,"Cell814","Batch1","Group3",56181.2184115728,"2","2"
"Cell815","SeuratProject",53755,7931,"Cell815","Batch1","Group1",53379.6418020459,"0","0"
"Cell816","SeuratProject",83058,9490,"Cell816","Batch1","Group4",83101.603990985,"3","3"
"Cell817","SeuratProject",62485,8366,"Cell817","Batch1","Group2",62212.2288573527,"1","1"
"Cell818","SeuratProject",68991,8830,"Cell818","Batch1","Group2",68715.5847507208,"1","1"
"Cell819","SeuratProject",54446,7932,"Cell819","Batch1","Group4",54954.6463122643,"3","3"
"Cell820","SeuratProject",62509,8461,"Cell820","Batch1","Group2",62584.3564880116,"1","1"
"Cell821","SeuratProject",61083,8345,"Cell821","Batch1","Group1",61365.8129564012,"0","0"
"Cell822","SeuratProject",64617,8498,"Cell822","Batch1","Group1",64849.0798261987,"0","0"
"Cell823","SeuratProject",51403,7734,"Cell823","Batch1","Group3",51666.3280214538,"2","2"
"Cell824","SeuratProject",53310,7822,"Cell824","Batch1","Group1",52719.089680635,"0","0"
"Cell825","SeuratProject",40241,6852,"Cell825","Batch1","Group2",40177.6927200949,"1","1"
"Cell826","SeuratProject",49585,7553,"Cell826","Batch1","Group1",49516.2929026763,"0","0"
"Cell827","SeuratProject",66262,8664,"Cell827","Batch1","Group1",65705.3000366829,"0","0"
"Cell828","SeuratProject",57670,8084,"Cell828","Batch1","Group2",58071.3335835056,"1","1"
"Cell829","SeuratProject",59909,8259,"Cell829","Batch1","Group1",59530.6693200768,"0","0"
"Cell830","SeuratProject",62834,8513,"Cell830","Batch1","Group2",62453.8010734963,"1","1"
"Cell831","SeuratProject",56442,7914,"Cell831","Batch1","Group1",55854.4222262851,"0","0"
"Cell832","SeuratProject",53249,7879,"Cell832","Batch1","Group1",53751.0712205392,"0","0"
"Cell833","SeuratProject",65967,8590,"Cell833","Batch1","Group1",65686.4397333566,"0","0"
"Cell834","SeuratProject",46743,7247,"Cell834","Batch1","Group3",46450.6453882533,"2","2"
"Cell835","SeuratProject",69530,8838,"Cell835","Batch1","Group1",69494.0132496759,"0","0"
"Cell836","SeuratProject",73909,8928,"Cell836","Batch1","Group3",73286.8915281151,"2","2"
"Cell837","SeuratProject",55517,7989,"Cell837","Batch1","Group2",55131.0840583882,"1","1"
"Cell838","SeuratProject",76837,9245,"Cell838","Batch1","Group1",76492.6224165042,"0","0"
"Cell839","SeuratProject",67825,8795,"Cell839","Batch1","Group2",67646.9874132226,"1","1"
"Cell840","SeuratProject",61164,8282,"Cell840","Batch1","Group1",61104.782133984,"0","0"
"Cell841","SeuratProject",45925,7277,"Cell841","Batch1","Group4",46157.3122043621,"3","3"
"Cell842","SeuratProject",50254,7508,"Cell842","Batch1","Group3",50311.2544436972,"2","2"
"Cell843","SeuratProject",65804,8642,"Cell843","Batch1","Group1",65977.2520827987,"0","0"
"Cell844","SeuratProject",68190,8727,"Cell844","Batch1","Group1",68697.9358855614,"0","0"
"Cell845","SeuratProject",69056,8830,"Cell845","Batch1","Group1",68444.8481135276,"0","0"
"Cell846","SeuratProject",50206,7606,"Cell846","Batch1","Group2",50085.9765024971,"1","1"
"Cell847","SeuratProject",54742,7803,"Cell847","Batch1","Group4",54833.6147677961,"3","3"
"Cell848","SeuratProject",59700,8161,"Cell848","Batch1","Group1",58890.7678455983,"0","0"
"Cell849","SeuratProject",76212,9140,"Cell849","Batch1","Group1",75511.2794907779,"0","0"
"Cell850","SeuratProject",76988,9111,"Cell850","Batch1","Group1",75629.1941957538,"0","0"
"Cell851","SeuratProject",44514,7156,"Cell851","Batch1","Group3",44478.8158936573,"2","2"
"Cell852","SeuratProject",61365,8344,"Cell852","Batch1","Group1",61410.4490113352,"0","0"
"Cell853","SeuratProject",75974,9153,"Cell853","Batch1","Group1",76534.0345452905,"0","0"
"Cell854","SeuratProject",50502,7602,"Cell854","Batch1","Group4",50233.8385778559,"3","3"
"Cell855","SeuratProject",51389,7676,"Cell855","Batch1","Group4",50836.0808845904,"3","3"
"Cell856","SeuratProject",42608,7129,"Cell856","Batch1","Group1",43361.321076136,"0","0"
"Cell857","SeuratProject",48518,7453,"Cell857","Batch1","Group2",48013.5656434711,"1","1"
"Cell858","SeuratProject",48310,7507,"Cell858","Batch1","Group2",48984.9651339244,"1","1"
"Cell859","SeuratProject",80823,9375,"Cell859","Batch1","Group1",80549.2007524959,"0","0"
"Cell860","SeuratProject",51728,7767,"Cell860","Batch1","Group2",51252.5571662032,"1","1"
"Cell861","SeuratProject",67049,8680,"Cell861","Batch1","Group1",66708.4550924348,"0","0"
"Cell862","SeuratProject",44872,7197,"Cell862","Batch1","Group3",44578.6215985015,"2","2"
"Cell863","SeuratProject",60301,8258,"Cell863","Batch1","Group1",60005.0797906063,"0","0"
"Cell864","SeuratProject",89604,9733,"Cell864","Batch1","Group3",89721.2577354892,"2","2"
"Cell865","SeuratProject",63823,8560,"Cell865","Batch1","Group2",64361.0020427556,"1","1"
"Cell866","SeuratProject",50538,7525,"Cell866","Batch1","Group4",49964.7566096545,"3","3"
"Cell867","SeuratProject",93829,10055,"Cell867","Batch1","Group2",94338.2374876424,"1","1"
"Cell868","SeuratProject",60821,8304,"Cell868","Batch1","Group4",61247.199386051,"3","3"
"Cell869","SeuratProject",76681,9145,"Cell869","Batch1","Group1",75266.2339189783,"0","0"
"Cell870","SeuratProject",63865,8411,"Cell870","Batch1","Group4",62848.702847736,"3","3"
"Cell871","SeuratProject",45309,7190,"Cell871","Batch1","Group1",45956.4322561991,"0","0"
"Cell872","SeuratProject",64506,8568,"Cell872","Batch1","Group3",64385.6887676876,"2","2"
"Cell873","SeuratProject",86458,9680,"Cell873","Batch1","Group3",87241.5258217171,"2","2"
"Cell874","SeuratProject",50248,7574,"Cell874","Batch1","Group2",50080.781258238,"1","1"
"Cell875","SeuratProject",46446,7229,"Cell875","Batch1","Group3",45740.0964218291,"2","2"
"Cell876","SeuratProject",56984,8162,"Cell876","Batch1","Group3",56736.413668501,"2","2"
"Cell877","SeuratProject",65780,8726,"Cell877","Batch1","Group2",65622.402225943,"1","1"
"Cell878","SeuratProject",68288,8840,"Cell878","Batch1","Group3",68450.5640105016,"2","2"
"Cell879","SeuratProject",41115,6886,"Cell879","Batch1","Group2",40983.1599742063,"1","1"
"Cell880","SeuratProject",58897,8203,"Cell880","Batch1","Group2",59207.1108447178,"1","1"
"Cell881","SeuratProject",76616,9135,"Cell881","Batch1","Group2",76474.7344043382,"1","1"
"Cell882","SeuratProject",64281,8580,"Cell882","Batch1","Group1",63613.1443152216,"0","0"
"Cell883","SeuratProject",73302,9097,"Cell883","Batch1","Group3",73407.7162322548,"2","2"
"Cell884","SeuratProject",66997,8658,"Cell884","Batch1","Group2",67652.8894666475,"1","1"
"Cell885","SeuratProject",88290,9804,"Cell885","Batch1","Group4",88299.5820506077,"3","3"
"Cell886","SeuratProject",69845,8924,"Cell886","Batch1","Group2",69515.4199395029,"1","1"
"Cell887","SeuratProject",47132,7438,"Cell887","Batch1","Group1",47308.4046621344,"0","0"
"Cell888","SeuratProject",62343,8432,"Cell888","Batch1","Group3",61795.0635526202,"2","2"
"Cell889","SeuratProject",72792,9020,"Cell889","Batch1","Group3",73181.4715515569,"2","2"
"Cell890","SeuratProject",57295,8093,"Cell890","Batch1","Group2",56575.8723547947,"1","1"
"Cell891","SeuratProject",58210,8245,"Cell891","Batch1","Group1",58625.0100874628,"0","0"
"Cell892","SeuratProject",63869,8492,"Cell892","Batch1","Group1",63810.3475471495,"0","0"
"Cell893","SeuratProject",76162,9206,"Cell893","Batch1","Group1",75836.9401257617,"0","0"
"Cell894","SeuratProject",59702,8206,"Cell894","Batch1","Group3",59903.1890955962,"2","2"
"Cell895","SeuratProject",75416,9148,"Cell895","Batch1","Group3",75096.098698759,"2","2"
"Cell896","SeuratProject",59929,8243,"Cell896","Batch1","Group1",60024.5004901177,"0","0"
"Cell897","SeuratProject",90786,9907,"Cell897","Batch1","Group2",91783.9910929374,"1","1"
"Cell898","SeuratProject",66872,8629,"Cell898","Batch1","Group3",67175.0936355991,"2","2"
"Cell899","SeuratProject",52683,7816,"Cell899","Batch1","Group1",53664.988011829,"0","0"
"Cell900","SeuratProject",54551,7865,"Cell900","Batch1","Group1",54436.8591394549,"0","0"
"Cell901","SeuratProject",63761,8440,"Cell901","Batch1","Group1",63836.5618232869,"0","0"
"Cell902","SeuratProject",72596,9032,"Cell902","Batch1","Group1",72865.898650051,"0","0"
"Cell903","SeuratProject",64634,8607,"Cell903","Batch1","Group4",64182.858534082,"3","3"
"Cell904","SeuratProject",53534,7924,"Cell904","Batch1","Group3",53760.5905533076,"2","2"
"Cell905","SeuratProject",74418,9161,"Cell905","Batch1","Group2",74114.9698144773,"1","1"
"Cell906","SeuratProject",65288,8629,"Cell906","Batch1","Group1",66235.6678421923,"0","0"
"Cell907","SeuratProject",55798,7985,"Cell907","Batch1","Group3",55094.071599648,"2","2"
"Cell908","SeuratProject",47005,7299,"Cell908","Batch1","Group2",46458.9774477308,"1","1"
"Cell909","SeuratProject",61342,8373,"Cell909","Batch1","Group1",61767.4268668613,"0","0"
"Cell910","SeuratProject",58705,8180,"Cell910","Batch1","Group1",58725.0870415553,"0","0"
"Cell911","SeuratProject",84706,9577,"Cell911","Batch1","Group1",84711.0698931767,"0","0"
"Cell912","SeuratProject",85980,9588,"Cell912","Batch1","Group3",85970.9204191474,"2","2"
"Cell913","SeuratProject",64258,8626,"Cell913","Batch1","Group2",64114.6860528537,"1","1"
"Cell914","SeuratProject",56212,8085,"Cell914","Batch1","Group1",57049.8911465431,"0","0"
"Cell915","SeuratProject",50573,7687,"Cell915","Batch1","Group1",51212.399205307,"0","0"
"Cell916","SeuratProject",68370,8775,"Cell916","Batch1","Group1",68266.3395624154,"0","0"
"Cell917","SeuratProject",65610,8633,"Cell917","Batch1","Group2",65410.7354021864,"1","1"
"Cell918","SeuratProject",60981,8309,"Cell918","Batch1","Group1",60564.9369635073,"0","0"
"Cell919","SeuratProject",68643,8695,"Cell919","Batch1","Group2",69046.6187161655,"1","1"
"Cell920","SeuratProject",53036,7851,"Cell920","Batch1","Group2",53341.5229663853,"1","1"
"Cell921","SeuratProject",55471,7943,"Cell921","Batch1","Group3",55884.1385401837,"2","2"
"Cell922","SeuratProject",53256,7839,"Cell922","Batch1","Group3",53634.397415113,"2","2"
"Cell923","SeuratProject",60593,8273,"Cell923","Batch1","Group2",60492.3872171121,"1","1"
"Cell924","SeuratProject",42128,6957,"Cell924","Batch1","Group1",42333.0547642353,"0","0"
"Cell925","SeuratProject",78246,9290,"Cell925","Batch1","Group1",77563.5182649384,"0","0"
"Cell926","SeuratProject",54051,7868,"Cell926","Batch1","Group4",53570.5182927913,"3","3"
"Cell927","SeuratProject",50271,7671,"Cell927","Batch1","Group4",50977.0532697172,"3","3"
"Cell928","SeuratProject",61556,8349,"Cell928","Batch1","Group2",61045.687675629,"1","1"
"Cell929","SeuratProject",53990,7841,"Cell929","Batch1","Group2",54410.6111716069,"1","1"
"Cell930","SeuratProject",46982,7281,"Cell930","Batch1","Group1",46276.2028614492,"0","0"
"Cell931","SeuratProject",75061,9164,"Cell931","Batch1","Group1",74678.283181374,"0","0"
"Cell932","SeuratProject",44026,7126,"Cell932","Batch1","Group2",44150.9421483213,"1","1"
"Cell933","SeuratProject",66466,8676,"Cell933","Batch1","Group3",67272.0560852772,"2","2"
"Cell934","SeuratProject",65686,8594,"Cell934","Batch1","Group1",65967.4431696721,"0","0"
"Cell935","SeuratProject",62162,8373,"Cell935","Batch1","Group3",62304.7729476001,"2","2"
"Cell936","SeuratProject",65389,8648,"Cell936","Batch1","Group3",65043.7396562224,"2","2"
"Cell937","SeuratProject",54253,7856,"Cell937","Batch1","Group4",54443.9524392038,"3","3"
"Cell938","SeuratProject",65484,8499,"Cell938","Batch1","Group3",65189.7057309837,"2","2"
"Cell939","SeuratProject",53218,7761,"Cell939","Batch1","Group1",53229.3061159327,"0","0"
"Cell940","SeuratProject",66481,8667,"Cell940","Batch1","Group1",66833.29871219,"0","0"
"Cell941","SeuratProject",87384,9712,"Cell941","Batch1","Group1",87546.1091853891,"0","0"
"Cell942","SeuratProject",52116,7647,"Cell942","Batch1","Group1",51846.0795922954,"0","0"
"Cell943","SeuratProject",77196,9260,"Cell943","Batch1","Group1",77702.3318431704,"0","0"
"Cell944","SeuratProject",66802,8727,"Cell944","Batch1","Group3",66799.4989375668,"2","2"
"Cell945","SeuratProject",59398,8219,"Cell945","Batch1","Group3",59518.4621842488,"2","2"
"Cell946","SeuratProject",53963,7834,"Cell946","Batch1","Group4",53563.9377772184,"3","3"
"Cell947","SeuratProject",45983,7272,"Cell947","Batch1","Group1",46137.8224563356,"0","0"
"Cell948","SeuratProject",59677,8229,"Cell948","Batch1","Group1",59441.167465611,"0","0"
"Cell949","SeuratProject",64208,8689,"Cell949","Batch1","Group2",65192.5625861691,"1","1"
"Cell950","SeuratProject",56795,8039,"Cell950","Batch1","Group1",57457.4052635838,"0","0"
"Cell951","SeuratProject",53534,7839,"Cell951","Batch1","Group2",53469.9362703583,"1","1"
"Cell952","SeuratProject",93949,9987,"Cell952","Batch1","Group2",93476.1952004103,"1","1"
"Cell953","SeuratProject",61202,8333,"Cell953","Batch1","Group2",60969.8549233225,"1","1"
"Cell954","SeuratProject",68136,8794,"Cell954","Batch1","Group2",68318.1979343099,"1","1"
"Cell955","SeuratProject",55576,7944,"Cell955","Batch1","Group4",55917.0777018522,"3","3"
"Cell956","SeuratProject",53033,7833,"Cell956","Batch1","Group1",52960.1119718235,"0","0"
"Cell957","SeuratProject",49053,7566,"Cell957","Batch1","Group2",49424.8666340627,"1","1"
"Cell958","SeuratProject",50998,7717,"Cell958","Batch1","Group3",50859.3380787734,"2","2"
"Cell959","SeuratProject",61002,8351,"Cell959","Batch1","Group1",62075.7157164949,"0","0"
"Cell960","SeuratProject",63968,8468,"Cell960","Batch1","Group2",63779.1566925786,"1","1"
"Cell961","SeuratProject",80161,9440,"Cell961","Batch1","Group3",79630.4113626991,"2","2"
"Cell962","SeuratProject",60504,8329,"Cell962","Batch1","Group1",60731.4566091016,"0","0"
"Cell963","SeuratProject",49558,7532,"Cell963","Batch1","Group1",48878.5690102468,"0","0"
"Cell964","SeuratProject",70593,8779,"Cell964","Batch1","Group3",69937.1302500688,"2","2"
"Cell965","SeuratProject",52841,7794,"Cell965","Batch1","Group1",52527.8270670429,"0","0"
"Cell966","SeuratProject",48406,7412,"Cell966","Batch1","Group1",48763.5934016497,"0","0"
"Cell967","SeuratProject",45237,7269,"Cell967","Batch1","Group3",46028.7022625865,"2","2"
"Cell968","SeuratProject",68112,8848,"Cell968","Batch1","Group1",68960.8462705929,"0","0"
"Cell969","SeuratProject",63570,8600,"Cell969","Batch1","Group3",63727.0860811325,"2","2"
"Cell970","SeuratProject",70858,9027,"Cell970","Batch1","Group1",71744.732281173,"0","0"
"Cell971","SeuratProject",66359,8571,"Cell971","Batch1","Group1",67378.3313021619,"0","0"
"Cell972","SeuratProject",66548,8651,"Cell972","Batch1","Group2",66012.4001238044,"1","1"
"Cell973","SeuratProject",59017,8180,"Cell973","Batch1","Group4",59226.7392830754,"3","3"
"Cell974","SeuratProject",64243,8507,"Cell974","Batch1","Group3",63997.1056080969,"2","2"
"Cell975","SeuratProject",55588,7956,"Cell975","Batch1","Group4",56281.0626981999,"3","3"
"Cell976","SeuratProject",49155,7503,"Cell976","Batch1","Group1",48924.9443409611,"0","0"
"Cell977","SeuratProject",69700,8859,"Cell977","Batch1","Group1",69948.7746529285,"0","0"
"Cell978","SeuratProject",46298,7258,"Cell978","Batch1","Group4",45677.5949011546,"3","3"
"Cell979","SeuratProject",59231,8185,"Cell979","Batch1","Group1",60074.1818072035,"0","0"
"Cell980","SeuratProject",52983,7852,"Cell980","Batch1","Group2",52805.7699080157,"1","1"
"Cell981","SeuratProject",55053,7882,"Cell981","Batch1","Group1",54471.0951754743,"0","0"
"Cell982","SeuratProject",86180,9654,"Cell982","Batch1","Group3",86023.9976216598,"2","2"
"Cell983","SeuratProject",46445,7355,"Cell983","Batch1","Group1",46612.5925758642,"0","0"
"Cell984","SeuratProject",74020,9069,"Cell984","Batch1","Group1",74289.6936105725,"0","0"
"Cell985","SeuratProject",63840,8480,"Cell985","Batch1","Group2",63763.4644103773,"1","1"
"Cell986","SeuratProject",65996,8614,"Cell986","Batch1","Group4",66042.4772958478,"3","3"
"Cell987","SeuratProject",92675,9932,"Cell987","Batch1","Group3",93371.4832220635,"2","2"
"Cell988","SeuratProject",27175,5505,"Cell988","Batch1","Group3",27669.4095701538,"2","2"
"Cell989","SeuratProject",63836,8542,"Cell989","Batch1","Group3",64118.0311333923,"2","2"
"Cell990","SeuratProject",56731,8020,"Cell990","Batch1","Group1",56417.6317655852,"0","0"
"Cell991","SeuratProject",64856,8591,"Cell991","Batch1","Group1",65052.5091790403,"0","0"
"Cell992","SeuratProject",47495,7439,"Cell992","Batch1","Group1",47096.6835496408,"0","0"
"Cell993","SeuratProject",50580,7598,"Cell993","Batch1","Group2",50014.3215989142,"1","1"
"Cell994","SeuratProject",61658,8316,"Cell994","Batch1","Group2",61569.6390332485,"1","1"
"Cell995","SeuratProject",49106,7500,"Cell995","Batch1","Group1",49093.9640034557,"0","0"
"Cell996","SeuratProject",55128,7876,"Cell996","Batch1","Group1",55535.6467274806,"0","0"
"Cell997","SeuratProject",58385,8127,"Cell997","Batch1","Group2",58046.5815210943,"1","1"
"Cell998","SeuratProject",54097,7901,"Cell998","Batch1","Group2",54308.5237711616,"1","1"
"Cell999","SeuratProject",50794,7626,"Cell999","Batch1","Group1",50252.2603647218,"0","0"
"Cell1000","SeuratProject",73745,9023,"Cell1000","Batch1","Group2",73883.4484430926,"1","1"
